dataset,depth,num_features,num_classes,num_samples_train,run_idx,seed,test_acc,test_ce,val_acc,val_ce,n_leaves,tree_depth
iris,4,4,3,120,1,1276,1.0,2.2204460492503136e-16,1.0,2.2204460492503136e-16,7,4
iris,4,4,3,120,2,1318,1.0,2.2204460492503136e-16,0.9333333333333333,0.07324081924454086,7,4
iris,4,4,3,120,3,1360,0.8,7.20873067782343,0.8666666666666667,2.476151045185684,7,4
iris,4,4,3,120,4,1402,0.8,7.20873067782343,0.9333333333333333,2.4029102259411435,7,4
iris,4,4,3,120,5,1444,1.0,2.2204460492503136e-16,0.9333333333333333,0.07324081924454086,7,4
car,4,6,4,1382,1,1276,0.7976878612716763,0.4255401059840377,0.8265895953757225,0.4118430003944927,8,4
car,4,6,4,1382,2,1318,0.7976878612716763,0.4255401059840377,0.8265895953757225,0.4118430003944927,8,4
car,4,6,4,1382,3,1360,0.7976878612716763,0.4255401059840377,0.8265895953757225,0.4118430003944927,8,4
car,4,6,4,1382,4,1402,0.7976878612716763,0.4255401059840377,0.8265895953757225,0.4118430003944927,8,4
car,4,6,4,1382,5,1444,0.7976878612716763,0.4255401059840377,0.8265895953757225,0.4118430003944927,8,4
car,6,6,4,1382,1,1276,0.9017341040462428,0.2044156396060191,0.8728323699421965,0.21656776646698903,20,6
car,6,6,4,1382,2,1318,0.9017341040462428,0.2044156396060191,0.8728323699421965,0.21656776646698903,20,6
car,6,6,4,1382,3,1360,0.9017341040462428,0.2044156396060191,0.8728323699421965,0.21656776646698903,20,6
car,6,6,4,1382,4,1402,0.9017341040462428,0.2044156396060191,0.8728323699421965,0.21656776646698903,20,6
car,6,6,4,1382,5,1444,0.9017341040462428,0.2044156396060191,0.8728323699421965,0.21656776646698903,20,6
pima,4,8,2,614,1,1276,0.6233766233766234,1.5665823532465293,0.7012987012987013,1.9601199702546257,16,4
pima,4,8,2,614,2,1318,0.6233766233766234,1.5665823532465293,0.7012987012987013,1.9601199702546257,16,4
pima,4,8,2,614,3,1360,0.6233766233766234,1.5665823532465293,0.7012987012987013,1.9601199702546257,16,4
pima,4,8,2,614,4,1402,0.6233766233766234,1.5665823532465293,0.7012987012987013,1.9601199702546257,16,4
pima,4,8,2,614,5,1444,0.6233766233766234,1.5665823532465293,0.7012987012987013,1.9601199702546257,16,4
pima,8,8,2,614,1,1276,0.6753246753246753,7.780294039012723,0.7792207792207793,5.831993869262761,67,8
pima,8,8,2,614,2,1318,0.6753246753246753,7.733863510586937,0.7532467532467533,6.738135261828907,67,8
pima,8,8,2,614,3,1360,0.6883116883116883,7.270287579485002,0.7662337662337663,6.274559330726973,67,8
pima,8,8,2,614,4,1402,0.6883116883116883,7.270287579485002,0.7922077922077922,5.342992683528329,67,8
pima,8,8,2,614,5,1444,0.6753246753246753,7.733863510586937,0.7662337662337663,6.270035867165048,67,8
australian,4,38,2,552,1,1276,0.7391304347826086,0.5282885611509571,0.6956521739130435,0.5930235609033415,15,4
australian,4,38,2,552,2,1318,0.7391304347826086,0.5282885611509571,0.6956521739130435,0.5930235609033415,15,4
australian,4,38,2,552,3,1360,0.7391304347826086,0.5282885611509571,0.6956521739130435,0.5930235609033415,15,4
australian,4,38,2,552,4,1402,0.7391304347826086,0.5282885611509571,0.6956521739130435,0.5930235609033415,15,4
australian,4,38,2,552,5,1444,0.7391304347826086,0.5282885611509571,0.6956521739130435,0.5930235609033415,15,4
australian,8,38,2,552,1,1276,0.7391304347826086,5.964098960220772,0.7391304347826086,4.497488949470659,77,8
australian,8,38,2,552,2,1318,0.7391304347826086,5.45177278328516,0.7391304347826086,4.497488949470659,77,8
australian,8,38,2,552,3,1360,0.7681159420289855,4.919355383724622,0.7391304347826086,4.497488949470659,77,8
australian,8,38,2,552,4,1402,0.7681159420289855,4.919355383724622,0.7391304347826086,4.497488949470659,77,8
australian,8,38,2,552,5,1444,0.7391304347826086,5.964098960220772,0.7391304347826086,4.497488949470659,77,8
australian,12,38,2,552,1,1276,0.6811594202898551,11.502486090531015,0.6956521739130435,8.49207435379233,130,12
australian,12,38,2,552,2,1318,0.6811594202898551,11.003439489419666,0.7246376811594203,8.461937519854938,132,12
australian,12,38,2,552,3,1360,0.6811594202898551,11.502486090531015,0.6811594202898551,9.00440053072794,134,12
australian,12,38,2,552,4,1402,0.6956521739130435,10.980114302282939,0.7246376811594203,8.471983131167404,131,12
australian,12,38,2,552,5,1444,0.7101449275362319,10.457742514034864,0.7391304347826086,7.9431434138957275,132,12
lymph,4,47,2,113,1,1276,0.7333333333333333,2.8933523431912493,0.5,0.6202870012643731,8,4
lymph,4,47,2,113,2,1318,0.7333333333333333,2.8933523431912493,0.5,0.6202870012643731,8,4
lymph,4,47,2,113,3,1360,0.7333333333333333,2.8933523431912493,0.5,0.6202870012643731,8,4
lymph,4,47,2,113,4,1402,0.7333333333333333,2.8933523431912493,0.5,0.6202870012643731,8,4
lymph,4,47,2,113,5,1444,0.7333333333333333,2.8933523431912493,0.5,0.6202870012643731,8,4
lymph,8,47,2,113,1,1276,0.6,7.455147981917534,0.8571428571428571,3.006739595403381,25,7
lymph,8,47,2,113,2,1318,0.6,7.455147981917534,0.8571428571428571,3.006739595403381,25,7
lymph,8,47,2,113,3,1360,0.6,7.455147981917534,0.8571428571428571,3.006739595403381,25,7
lymph,8,47,2,113,4,1402,0.6,7.455147981917534,0.8571428571428571,3.006739595403381,25,7
lymph,8,47,2,113,5,1444,0.6,7.455147981917534,0.8571428571428571,3.006739595403381,25,7
lymph,12,47,2,113,1,1276,0.6,12.121846990534657,0.6428571428571429,0.5073213825553322,29,9
lymph,12,47,2,113,2,1318,0.6,12.121846990534657,0.6428571428571429,0.5073213825553322,29,9
lymph,12,47,2,113,3,1360,0.6,12.121846990534657,0.6428571428571429,0.5073213825553322,29,9
lymph,12,47,2,113,4,1402,0.6,12.121846990534657,0.6428571428571429,0.5073213825553322,29,9
lymph,12,47,2,113,5,1444,0.5333333333333333,14.524757216475798,0.6428571428571429,0.5073213825553322,32,9
breast,4,9,2,559,1,1276,0.9571428571428572,0.5790287408420032,0.8714285714285714,1.734524452761354,15,4
breast,4,9,2,559,2,1318,0.9571428571428572,0.5790287408420032,0.8714285714285714,1.734524452761354,15,4
breast,4,9,2,559,3,1360,0.9571428571428572,0.5790287408420032,0.8714285714285714,1.734524452761354,15,4
breast,4,9,2,559,4,1402,0.9571428571428572,0.5790287408420032,0.8714285714285714,1.734524452761354,15,4
breast,4,9,2,559,5,1444,0.9571428571428572,0.5790287408420032,0.8714285714285714,1.734524452761354,15,4
breast,8,9,2,559,1,1276,0.9857142857142858,0.5149093341302452,0.9142857142857143,3.08945600478147,27,8
breast,8,9,2,559,2,1318,0.9857142857142858,0.5149093341302452,0.9142857142857143,3.08945600478147,27,8
breast,8,9,2,559,3,1360,0.9857142857142858,0.5149093341302452,0.9,3.6043653389117156,28,8
breast,8,9,2,559,4,1402,0.9857142857142858,0.5149093341302452,0.9142857142857143,3.08945600478147,28,8
breast,8,9,2,559,5,1444,0.9857142857142858,0.5149093341302452,0.9142857142857143,3.08945600478147,28,8
breast,9,9,2,559,1,1276,0.9571428571428572,1.5447280023907353,0.8857142857142857,4.119274673041961,28,8
breast,9,9,2,559,2,1318,0.9571428571428572,1.5447280023907353,0.9142857142857143,3.08945600478147,28,8
breast,9,9,2,559,3,1360,0.9714285714285714,1.0298186682604904,0.9142857142857143,3.08945600478147,29,8
breast,9,9,2,559,4,1402,0.9714285714285714,1.0298186682604904,0.8857142857142857,4.119274673041961,28,8
breast,9,9,2,559,5,1444,0.9714285714285714,1.0298186682604904,0.9,3.6043653389117156,28,8
heart,4,20,2,189,1,1276,0.5853658536585366,2.3925422726184213,0.65,1.4462914169421635,15,4
heart,4,20,2,189,2,1318,0.6097560975609756,2.375636243824276,0.65,1.4462914169421635,15,4
heart,4,20,2,189,3,1360,0.5853658536585366,2.3925422726184213,0.65,1.4462914169421635,15,4
heart,4,20,2,189,4,1402,0.6097560975609756,2.375636243824276,0.65,1.4462914169421635,15,4
heart,4,20,2,189,5,1444,0.6097560975609756,2.375636243824276,0.65,1.4462914169421635,15,4
heart,8,20,2,189,1,1276,0.6341463414634146,12.37456312752188,0.7,10.820849889942743,46,8
heart,8,20,2,189,2,1318,0.6585365853658537,11.49544963022634,0.675,10.861085837753595,46,8
heart,8,20,2,189,3,1360,0.6341463414634146,12.372440898814814,0.675,10.894722646918586,46,8
heart,8,20,2,189,4,1402,0.6341463414634146,12.372440898814814,0.7,9.981881221459513,46,8
heart,8,20,2,189,5,1444,0.6341463414634146,12.372440898814814,0.675,10.022117169270366,46,8
heart,12,20,2,189,1,1276,0.5853658536585366,14.944929454024185,0.775,8.109822012551358,34,9
heart,12,20,2,189,2,1318,0.6097560975609756,14.065815956728645,0.775,8.109822012551358,34,9
heart,12,20,2,189,3,1360,0.5609756097560976,15.824042951319726,0.8,7.20873067782343,34,9
heart,12,20,2,189,4,1402,0.6097560975609756,14.065815956728645,0.775,8.109822012551358,35,9
heart,12,20,2,189,5,1444,0.6341463414634146,13.186702459433105,0.8,7.20873067782343,35,9
ecoli,4,6,5,228,1,1276,0.82,4.484407989583109,0.8979591836734694,2.404802666376809,14,4
ecoli,4,6,5,228,2,1318,0.82,4.484407989583109,0.8979591836734694,2.404802666376809,14,4
ecoli,4,6,5,228,3,1360,0.8,5.205281057365451,0.8979591836734694,2.404802666376809,14,4
ecoli,4,6,5,228,4,1402,0.8,5.205281057365451,0.8979591836734694,2.404802666376809,14,4
ecoli,4,6,5,228,5,1444,0.82,4.484407989583109,0.8979591836734694,2.404802666376809,14,4
ecoli,6,6,5,228,1,1276,0.86,4.370838773061691,0.7755102040816326,6.017549021088686,26,6
ecoli,6,6,5,228,2,1318,0.86,4.370838773061691,0.7551020408163265,6.753133784131894,26,6
ecoli,6,6,5,228,3,1360,0.84,5.0917118408440345,0.7959183673469388,5.281964258045479,26,6
ecoli,6,6,5,228,4,1402,0.84,5.0917118408440345,0.7755102040816326,6.7134213321103555,26,6
ecoli,6,6,5,228,5,1444,0.86,4.370838773061691,0.7959183673469388,5.281964258045479,26,6
led7,4,7,8,1794,1,1276,0.6961038961038961,1.0439696005646077,0.6510416666666666,0.9924129194109591,16,4
led7,4,7,8,1794,2,1318,0.6961038961038961,1.0439696005646077,0.6510416666666666,0.9924129194109591,16,4
led7,4,7,8,1794,3,1360,0.6961038961038961,1.0439696005646077,0.6510416666666666,0.9924129194109591,16,4
led7,4,7,8,1794,4,1402,0.6961038961038961,1.0439696005646077,0.6510416666666666,0.9924129194109591,16,4
led7,4,7,8,1794,5,1444,0.6961038961038961,1.0439696005646077,0.6510416666666666,0.9924129194109591,16,4
led7,7,7,8,1794,1,1276,0.8,2.991864262042028,0.796875,1.5377874860294687,99,7
led7,7,7,8,1794,2,1318,0.8,2.991864262042028,0.796875,1.5377874860294687,99,7
led7,7,7,8,1794,3,1360,0.8,2.991864262042028,0.796875,1.5377874860294687,99,7
led7,7,7,8,1794,4,1402,0.8,2.991864262042028,0.796875,1.5377874860294687,99,7
led7,7,7,8,1794,5,1444,0.8,2.991864262042028,0.796875,1.5377874860294687,99,7
compas,4,12,2,8446,1,1276,0.6922348484848485,0.5956455853958496,0.6647727272727273,0.6082414104099892,16,4
compas,4,12,2,8446,2,1318,0.6922348484848485,0.5956455853958496,0.6647727272727273,0.6082414104099892,16,4
compas,4,12,2,8446,3,1360,0.6922348484848485,0.5956455853958496,0.6647727272727273,0.6082414104099892,16,4
compas,4,12,2,8446,4,1402,0.6922348484848485,0.5956455853958496,0.6647727272727273,0.6082414104099892,16,4
compas,4,12,2,8446,5,1444,0.6922348484848485,0.5956455853958496,0.6647727272727273,0.6082414104099892,16,4
compas,8,12,2,8446,1,1276,0.6837121212121212,0.850443455495773,0.6818181818181818,1.1593493117004554,211,8
compas,8,12,2,8446,2,1318,0.6818181818181818,0.8514786795501951,0.6799242424242424,1.1594408635777205,211,8
compas,8,12,2,8446,3,1360,0.6837121212121212,0.8839193136478158,0.6818181818181818,1.1262574167189696,211,8
compas,8,12,2,8446,4,1402,0.6837121212121212,0.850443455495773,0.6818181818181818,1.1588655753143133,211,8
compas,8,12,2,8446,5,1444,0.6837121212121212,0.8842068916911854,0.6818181818181818,1.1259698386756,211,8
compas,12,12,2,8446,1,1276,0.6695075757575758,3.602021445135948,0.6704545454545454,3.7467619860698393,844,12
compas,12,12,2,8446,2,1318,0.6685606060606061,3.6374253768315534,0.6676136363636364,3.8471046469370154,843,12
compas,12,12,2,8446,3,1360,0.6666666666666666,3.604781771787861,0.6685606060606061,3.9148035321893238,844,12
compas,12,12,2,8446,4,1402,0.6695075757575758,3.504835234765189,0.665719696969697,4.014604142154414,842,12
compas,12,12,2,8446,5,1444,0.6695075757575758,3.602777391252106,0.6685606060606061,3.814372399030797,843,12
german,4,23,2,767,1,1276,0.65625,0.6569918500693878,0.7916666666666666,0.5405164197144997,14,4
german,4,23,2,767,2,1318,0.65625,0.6569918500693878,0.7916666666666666,0.5405164197144997,14,4
german,4,23,2,767,3,1360,0.65625,0.6569918500693878,0.7916666666666666,0.5405164197144997,14,4
german,4,23,2,767,4,1402,0.65625,0.6569918500693878,0.7916666666666666,0.5405164197144997,14,4
german,4,23,2,767,5,1444,0.65625,0.6569918500693878,0.7916666666666666,0.5405164197144997,14,4
german,8,23,2,767,1,1276,0.6354166666666666,2.7795397846123464,0.7916666666666666,1.920981894856048,103,8
german,8,23,2,767,2,1318,0.6354166666666666,2.7742186843647842,0.7916666666666666,1.920981894856048,103,8
german,8,23,2,767,3,1360,0.6354166666666666,2.7795397846123464,0.7916666666666666,1.920981894856048,103,8
german,8,23,2,767,4,1402,0.6354166666666666,2.7795397846123464,0.7916666666666666,1.920981894856048,103,8
german,8,23,2,767,5,1444,0.6354166666666666,2.7795397846123464,0.7916666666666666,1.920981894856048,103,8
german,12,23,2,767,1,1276,0.6041666666666666,11.4347963857758,0.6770833333333334,8.441185500744725,206,12
german,12,23,2,767,2,1318,0.6145833333333334,10.70844225259298,0.6666666666666666,8.471029812722975,208,12
german,12,23,2,767,3,1360,0.6041666666666666,11.4347963857758,0.65625,9.18677384610377,209,12
german,12,23,2,767,4,1402,0.59375,11.807254420324398,0.6666666666666666,8.826986596183554,211,12
german,12,23,2,767,5,1444,0.59375,11.80493000833154,0.6666666666666666,8.452629378751686,209,12
churn,4,40,2,5634,1,1276,0.7361702127659574,0.5383072189848432,0.7073863636363636,0.5816698259996809,6,3
churn,4,40,2,5634,2,1318,0.7361702127659574,0.5383072189848432,0.7073863636363636,0.5816698259996809,6,3
churn,4,40,2,5634,3,1360,0.7361702127659574,0.5383072189848432,0.7073863636363636,0.5816698259996809,6,3
churn,4,40,2,5634,4,1402,0.7361702127659574,0.5383072189848432,0.7073863636363636,0.5816698259996809,6,3
churn,4,40,2,5634,5,1444,0.7361702127659574,0.5383072189848432,0.7073863636363636,0.5816698259996809,6,3
churn,8,40,2,5634,1,1276,0.7446808510638298,0.49138249582060894,0.6917613636363636,0.5446333636259081,26,6
churn,8,40,2,5634,2,1318,0.7446808510638298,0.49138249582060894,0.6917613636363636,0.5446333636259081,26,6
churn,8,40,2,5634,3,1360,0.7446808510638298,0.49138249582060894,0.6917613636363636,0.5446333636259081,26,6
churn,8,40,2,5634,4,1402,0.7446808510638298,0.49138249582060894,0.6917613636363636,0.5446333636259081,26,6
churn,8,40,2,5634,5,1444,0.7446808510638298,0.49138249582060894,0.6917613636363636,0.5446333636259081,26,6
churn,12,40,2,5634,1,1276,0.7418439716312056,4.468834925857438,0.7144886363636364,5.054087595840553,642,12
churn,12,40,2,5634,2,1318,0.7390070921985815,4.470801300837749,0.7088068181818182,5.2592897203134505,641,12
churn,12,40,2,5634,3,1360,0.7460992907801418,4.2669747909308295,0.7088068181818182,5.258358744670585,641,12
churn,12,40,2,5634,4,1402,0.7347517730496453,4.623012426576579,0.7144886363636364,5.050791966985923,643,12
churn,12,40,2,5634,5,1444,0.7446808510638298,4.366008299068299,0.7130681818181818,5.056056763967144,640,12
sonar,4,60,2,166,1,1276,0.7142857142857143,7.193551764016821,0.5714285714285714,5.755321968657934,13,4
sonar,4,60,2,166,2,1318,0.7142857142857143,7.193551764016821,0.5714285714285714,5.755321968657934,13,4
sonar,4,60,2,166,3,1360,0.7142857142857143,7.193551764016821,0.5714285714285714,4.104971538753302,13,4
sonar,4,60,2,166,4,1402,0.7142857142857143,7.193551764016821,0.5714285714285714,5.755321968657934,13,4
sonar,4,60,2,166,5,1444,0.7619047619047619,5.483545954660029,0.6190476190476191,4.005950512959025,13,4
sonar,8,60,2,166,1,1276,0.6666666666666666,12.014551129705715,0.6190476190476191,13.730915576806535,27,7
sonar,8,60,2,166,2,1318,0.7142857142857143,10.2981866826049,0.6666666666666666,12.014551129705715,27,7
sonar,8,60,2,166,3,1360,0.7142857142857143,10.2981866826049,0.5714285714285714,15.44728002390735,26,7
sonar,8,60,2,166,4,1402,0.6666666666666666,12.014551129705715,0.6190476190476191,13.730915576806535,27,7
sonar,8,60,2,166,5,1444,0.7142857142857143,10.2981866826049,0.6190476190476191,13.730915576806533,25,7
sonar,12,60,2,166,1,1276,0.6666666666666666,12.014551129705715,0.6190476190476191,13.730915576806533,23,7
sonar,12,60,2,166,2,1318,0.6666666666666666,12.014551129705715,0.6190476190476191,13.730915576806533,23,7
sonar,12,60,2,166,3,1360,0.6666666666666666,12.014551129705715,0.6190476190476191,13.730915576806533,23,7
sonar,12,60,2,166,4,1402,0.6666666666666666,12.014551129705715,0.6190476190476191,13.730915576806533,23,7
sonar,12,60,2,166,5,1444,0.6190476190476191,13.730915576806533,0.6190476190476191,13.730915576806533,23,7
fico,4,23,2,8367,1,1276,0.6453154875717018,0.636405478246842,0.6443594646271511,0.6443150008248679,16,4
fico,4,23,2,8367,2,1318,0.6453154875717018,0.636405478246842,0.6443594646271511,0.6443150008248679,16,4
fico,4,23,2,8367,3,1360,0.6453154875717018,0.636405478246842,0.6443594646271511,0.6443150008248679,16,4
fico,4,23,2,8367,4,1402,0.6453154875717018,0.636405478246842,0.6443594646271511,0.6443150008248679,16,4
fico,4,23,2,8367,5,1444,0.6453154875717018,0.636405478246842,0.6443594646271511,0.6443150008248679,16,4
fico,8,23,2,8367,1,1276,0.6797323135755258,1.3398141249471116,0.6625239005736138,1.5404687491755293,192,8
fico,8,23,2,8367,2,1318,0.6806883365200764,1.3057431992482504,0.6615678776290631,1.5749273088209568,192,8
fico,8,23,2,8367,3,1360,0.6787762906309751,1.4067851799685787,0.6634799235181644,1.5388834450869981,192,8
fico,8,23,2,8367,4,1402,0.6797323135755258,1.3732223860374073,0.6625239005736138,1.5733420047324258,192,8
fico,8,23,2,8367,5,1444,0.6806883365200764,1.3057431992482504,0.6615678776290631,1.6078005643778532,192,8
fico,12,23,2,8367,1,1276,0.6720841300191205,5.712012392615915,0.6567877629063098,5.25826205926683,687,12
fico,12,23,2,8367,2,1318,0.6692160611854685,5.786636196380351,0.6596558317399618,5.08965085026493,687,12
fico,12,23,2,8367,3,1360,0.6768642447418738,5.342400916409951,0.6567877629063098,5.363125134853071,687,12
fico,12,23,2,8367,4,1402,0.6701720841300192,5.7128300383431,0.6548757170172084,5.331074632281987,685,12
fico,12,23,2,8367,5,1444,0.6720841300191205,5.682251230709619,0.6586998087954111,5.224157066785179,688,12
drybean,4,16,7,10888,1,1276,0.8223201174743024,0.5074361911230473,0.8324761204996326,0.4885361845981671,16,4
drybean,4,16,7,10888,2,1318,0.8223201174743024,0.5074361911230473,0.8324761204996326,0.4885361845981671,16,4
drybean,4,16,7,10888,3,1360,0.8223201174743024,0.5074361911230473,0.8324761204996326,0.4885361845981671,16,4
drybean,4,16,7,10888,4,1402,0.8223201174743024,0.5074361911230473,0.8324761204996326,0.4885361845981671,16,4
drybean,4,16,7,10888,5,1444,0.8223201174743024,0.5074361911230473,0.8324761204996326,0.4885361845981671,16,4
drybean,8,16,7,10888,1,1276,0.9001468428781204,0.8328483012329199,0.8986039676708303,0.7828741037824946,142,8
drybean,8,16,7,10888,2,1318,0.9023494860499266,0.8310810182537901,0.9015429831006613,0.7795496976031642,141,8
drybean,8,16,7,10888,3,1360,0.9023494860499266,0.8324774238036405,0.899338721528288,0.7556476127459072,142,8
drybean,8,16,7,10888,4,1402,0.9038179148311307,0.8054834530939853,0.8986039676708303,0.7820185046925978,142,8
drybean,8,16,7,10888,5,1444,0.9023494860499266,0.832390945803893,0.8986039676708303,0.7565434542422016,142,8
drybean,12,16,7,10888,1,1276,0.895741556534508,2.5642159218452436,0.9074210139603233,2.3987279601256795,494,12
drybean,12,16,7,10888,2,1318,0.8942731277533039,2.5913017891356285,0.9081557678177811,2.3723995748517623,493,12
drybean,12,16,7,10888,3,1360,0.895007342143906,2.5648380201274663,0.9081557678177811,2.3469440741111316,493,12
drybean,12,16,7,10888,4,1402,0.895007342143906,2.538865756738939,0.9074210139603233,2.3987279601256795,495,12
drybean,12,16,7,10888,5,1444,0.8928046989720999,2.670070997877893,0.9074210139603233,2.3734272874756557,494,12
avila,4,10,12,8344,1,1276,0.5124077800134138,1.3982407037333435,0.5206136145733461,1.3782269768301043,9,4
avila,4,10,12,8344,2,1318,0.5124077800134138,1.3982407037333435,0.5206136145733461,1.3782269768301043,9,4
avila,4,10,12,8344,3,1360,0.5124077800134138,1.3982407037333435,0.5206136145733461,1.3782269768301043,9,4
avila,4,10,12,8344,4,1402,0.5124077800134138,1.3982407037333435,0.5206136145733461,1.3782269768301043,9,4
avila,4,10,12,8344,5,1444,0.5124077800134138,1.3982407037333435,0.5206136145733461,1.3782269768301043,9,4
avila,8,10,12,8344,1,1276,0.6616843920666858,1.1435468416920518,0.660594439117929,1.1153284375878925,90,8
avila,8,10,12,8344,2,1318,0.6615885790936092,1.1466203672136739,0.6615532118887824,1.0807707641563327,90,8
avila,8,10,12,8344,3,1360,0.6614927661205328,1.1434753276846668,0.660594439117929,1.1153284375878925,90,8
avila,8,10,12,8344,4,1402,0.6603430104436141,1.1557212887246981,0.660594439117929,1.099134626941068,90,8
avila,8,10,12,8344,5,1444,0.6614927661205328,1.150190363257886,0.6615532118887824,1.0807707641563327,90,8
avila,10,10,12,8344,1,1276,0.8344351825237137,0.7660662202423336,0.8250239693192714,0.8371969706210483,197,10
avila,10,10,12,8344,2,1318,0.8355849382006324,0.7341306693808329,0.8279002876318312,0.7962766824954305,197,10
avila,10,10,12,8344,3,1360,0.8333812398198716,0.7851761152715976,0.8235858101629914,0.8886197481617941,197,10
avila,10,10,12,8344,4,1402,0.8346268084698668,0.7435857638391189,0.8250239693192714,0.8375292559425055,197,10
avila,10,10,12,8344,5,1444,0.8346268084698668,0.7587245633968447,0.8274209012464045,0.8284204152107425,197,10
banknote,4,4,2,1097,1,1276,0.927536231884058,0.4007652871900736,0.9635036496350365,0.34892144528499625,13,4
banknote,4,4,2,1097,2,1318,0.927536231884058,0.4007652871900736,0.9635036496350365,0.34892144528499625,13,4
banknote,4,4,2,1097,3,1360,0.927536231884058,0.4007652871900736,0.9635036496350365,0.34892144528499625,13,4
banknote,4,4,2,1097,4,1402,0.927536231884058,0.4007652871900736,0.9635036496350365,0.34892144528499625,13,4
banknote,4,4,2,1097,5,1444,0.927536231884058,0.4007652871900736,0.9635036496350365,0.34892144528499625,13,4
wine,4,11,7,5197,1,1276,0.5092307692307693,1.3003040137064465,0.5323076923076923,1.1453847652985605,16,4
wine,4,11,7,5197,2,1318,0.5092307692307693,1.3003040137064465,0.5323076923076923,1.1453847652985605,16,4
wine,4,11,7,5197,3,1360,0.5092307692307693,1.3003040137064465,0.5323076923076923,1.1453847652985605,16,4
wine,4,11,7,5197,4,1402,0.5092307692307693,1.3003040137064465,0.5323076923076923,1.1453847652985605,16,4
wine,4,11,7,5197,5,1444,0.5092307692307693,1.3003040137064465,0.5323076923076923,1.1453847652985605,16,4
wine,8,11,7,5197,1,1276,0.5446153846153846,2.925147141925974,0.56,2.6441875995474486,188,8
wine,8,11,7,5197,2,1318,0.5461538461538461,2.9711011448946127,0.56,2.637715257973227,190,8
wine,8,11,7,5197,3,1360,0.5446153846153846,2.9789087436189727,0.56,2.6441875995474486,189,8
wine,8,11,7,5197,4,1402,0.5446153846153846,3.0801090881206767,0.56,2.637715257973227,190,8
wine,8,11,7,5197,5,1444,0.5446153846153846,2.972641834956481,0.56,2.5839536562802286,189,8
wine,11,11,7,5197,1,1276,0.5676923076923077,7.23986680780646,0.5723076923076923,7.040021523277919,579,11
wine,11,11,7,5197,2,1318,0.5615384615384615,7.359815375926256,0.563076923076923,7.479057981042074,582,11
wine,11,11,7,5197,3,1360,0.5692307692307692,7.183934690005713,0.556923076923077,7.59367832035982,580,11
wine,11,11,7,5197,4,1402,0.5692307692307692,7.2399283422868,0.5646153846153846,7.423606206597277,579,11
wine,11,11,7,5197,5,1444,0.5661538461538461,7.292161955208981,0.5676923076923077,7.364639714325572,578,11
yeast,4,8,10,1187,1,1276,0.3624161073825503,2.2443673500087375,0.42567567567567566,2.60543507049033,16,4
yeast,4,8,10,1187,2,1318,0.3624161073825503,2.2443673500087375,0.42567567567567566,2.60543507049033,16,4
yeast,4,8,10,1187,3,1360,0.3624161073825503,2.2443673500087375,0.42567567567567566,2.60543507049033,16,4
yeast,4,8,10,1187,4,1402,0.3624161073825503,2.2443673500087375,0.42567567567567566,2.60543507049033,16,4
yeast,4,8,10,1187,5,1444,0.3624161073825503,2.2443673500087375,0.42567567567567566,2.60543507049033,16,4
yeast,8,8,10,1187,1,1276,0.5503355704697986,6.304012472201068,0.5608108108108109,7.081627101147119,116,8
yeast,8,8,10,1187,2,1318,0.5436241610738255,6.545916186221988,0.5608108108108109,7.320481872826561,116,8
yeast,8,8,10,1187,3,1360,0.5436241610738255,6.545916186221989,0.5405405405405406,7.8122416968724675,116,8
yeast,8,8,10,1187,4,1402,0.5436241610738255,6.545916186221989,0.5472972972972973,7.807558269976791,116,8
yeast,8,8,10,1187,5,1444,0.5570469798657718,6.0648300005164435,0.5405405405405406,7.8137494235705365,116,8
glass,4,9,6,171,1,1276,0.8636363636363636,2.126562183245667,0.5714285714285714,2.74612960999218,15,4
glass,4,9,6,171,2,1318,0.8636363636363636,2.126562183245667,0.5714285714285714,2.74612960999218,15,4
glass,4,9,6,171,3,1360,0.8636363636363636,2.126562183245667,0.5714285714285714,2.74612960999218,15,4
glass,4,9,6,171,4,1402,0.8636363636363636,2.126562183245667,0.5714285714285714,2.74612960999218,15,4
glass,4,9,6,171,5,1444,0.8636363636363636,2.126562183245667,0.5714285714285714,2.74612960999218,15,4
glass,8,9,6,171,1,1276,0.8181818181818182,6.553391525294028,0.42857142857142855,15.626246162263831,36,8
glass,8,9,6,171,2,1318,0.7727272727272727,8.191739406617534,0.3333333333333333,19.058975056465464,36,8
glass,8,9,6,171,3,1360,0.7727272727272727,8.191739406617534,0.38095238095238093,17.342610609364648,36,8
glass,8,9,6,171,4,1402,0.7272727272727273,9.83008728794104,0.38095238095238093,17.342610609364648,36,8
glass,8,9,6,171,5,1444,0.8181818181818182,6.553391525294028,0.38095238095238093,17.342610609364648,36,8
glass,9,9,6,171,1,1276,0.8181818181818182,6.553391525294028,0.42857142857142855,15.626246162263831,36,9
glass,9,9,6,171,2,1318,0.8181818181818182,6.553391525294028,0.42857142857142855,15.626246162263831,36,9
glass,9,9,6,171,3,1360,0.7727272727272727,8.191739406617534,0.42857142857142855,15.626246162263831,36,9
glass,9,9,6,171,4,1402,0.8181818181818182,6.553391525294028,0.47619047619047616,13.909881715163015,36,9
glass,9,9,6,171,5,1444,0.8181818181818182,6.553391525294028,0.42857142857142855,15.626246162263831,36,9
vehicle,4,18,4,676,1,1276,0.4235294117647059,1.1677448069625516,0.5058823529411764,1.3756570330002333,13,4
vehicle,4,18,4,676,2,1318,0.4235294117647059,1.1677448069625516,0.5058823529411764,1.3756570330002333,13,4
vehicle,4,18,4,676,3,1360,0.4235294117647059,1.1677448069625516,0.5058823529411764,1.3756570330002333,13,4
vehicle,4,18,4,676,4,1402,0.4235294117647059,1.1677448069625516,0.5058823529411764,1.3756570330002333,13,4
vehicle,4,18,4,676,5,1444,0.4235294117647059,1.1677448069625516,0.5058823529411764,1.3756570330002333,13,4
vehicle,8,18,4,676,1,1276,0.6,8.407064162441458,0.7411764705882353,4.563229898807169,78,8
vehicle,8,18,4,676,2,1318,0.5647058823529412,9.679193105586767,0.7294117647058823,4.590319135195334,78,8
vehicle,8,18,4,676,3,1360,0.5882352941176471,8.831107143489895,0.7411764705882353,4.563229898807169,78,8
vehicle,8,18,4,676,4,1402,0.5882352941176471,8.831107143489895,0.7294117647058823,4.598473807907804,78,8
vehicle,8,18,4,676,5,1444,0.6235294117647059,8.361040362377597,0.7411764705882353,4.5653748582988625,78,8
vehicle,12,18,4,676,1,1276,0.6352941176470588,13.14533241250155,0.7294117647058823,9.752988564114053,132,12
vehicle,12,18,4,676,2,1318,0.6235294117647059,13.158257262956468,0.7529411764705882,8.904902602017179,132,12
vehicle,12,18,4,676,3,1360,0.6470588235294118,12.721289431453114,0.7529411764705882,8.904902602017179,131,12
vehicle,12,18,4,676,4,1402,0.6235294117647059,13.569375393549986,0.7647058823529411,8.480859620968742,133,12
vehicle,12,18,4,676,5,1444,0.6352941176470588,13.145332412501551,0.7411764705882353,9.328945583065616,133,12
egg,4,14,2,11984,1,1276,0.6675567423230975,0.6147235222285801,0.6588785046728972,0.6432744739295673,12,4
egg,4,14,2,11984,2,1318,0.6675567423230975,0.6147235222285801,0.6588785046728972,0.6432744739295673,12,4
egg,4,14,2,11984,3,1360,0.6675567423230975,0.6147235222285801,0.6588785046728972,0.6432744739295673,12,4
egg,4,14,2,11984,4,1402,0.6675567423230975,0.6147235222285801,0.6588785046728972,0.6432744739295673,12,4
egg,4,14,2,11984,5,1444,0.6675567423230975,0.6147235222285801,0.6588785046728972,0.6432744739295673,12,4
egg,8,14,2,11984,1,1276,0.7790387182910548,0.7173425545356767,0.7449933244325768,0.8486339986677799,135,8
egg,8,14,2,11984,2,1318,0.7797062750333779,0.6932813706978149,0.7463284379172229,0.8005116309920561,135,8
egg,8,14,2,11984,3,1360,0.7790387182910548,0.717342554535677,0.7456608811748998,0.824572814829918,135,8
egg,8,14,2,11984,4,1402,0.7797062750333779,0.6932813706978149,0.7449933244325768,0.825498244977528,135,8
egg,8,14,2,11984,5,1444,0.7790387182910548,0.7173425545356767,0.7443257676902537,0.8495594288153899,135,8
egg,12,14,2,11984,1,1276,0.835113484646195,2.261252962598631,0.794392523364486,2.7457469550924416,591,12
egg,12,14,2,11984,2,1318,0.8317757009345794,2.3124164203484123,0.7930574098798397,2.723453580902305,590,12
egg,12,14,2,11984,3,1360,0.8297730307076101,2.499028300201217,0.7963951935914553,2.718741028947304,592,12
egg,12,14,2,11984,4,1402,0.8304405874499332,2.405973021774707,0.7997329773030708,2.5537264295946,591,12
egg,12,14,2,11984,5,1444,0.8324432576769025,2.379289827681574,0.7950600801068091,2.744812524984114,592,12
