-2.072667508643969,1.2224208445263862,-0.4276001870636753,-2.240037332967786
0.37349853192594684,0.6414757711221347,-0.30917668748466737,0.5552561964442527
1.267287925633323,-0.23658063000633667,-0.09424356869604729,1.0927100486976256
0.22716155686107217,0.9379157604283896,-0.2363472533795881,-0.8712295253673041
-1.1025915514221436,1.3946632265092043,-0.6376103187892608,-2.0277580119790324
-0.10290804544385117,1.0101863583016921,-0.26910958025472387,-1.22950425777367
0.2480668390131971,0.33944129499950854,-1.380112494485757,-1.266940195247994
-1.1427013470089324,-2.1056715505713397,1.7476151509382463,-0.3595101519064841
0.19474065318447162,1.1094630698067491,-0.7161588209647602,-0.4196733568715578
-0.9431444841601737,-0.6842141684735722,0.06405124272624971,0.7822669621313946
0.6760227675443246,0.9459853838362461,-0.32733475164300296,-0.2583050129549839
-0.19703638145809865,-0.2572785359278743,-0.40667772239329225,0.5024938248470435
1.6317484887125724,-0.28779730916069596,-0.28430790920938503,1.1418180275137542
-1.0758398768037465,-0.4860031958685812,0.2926020458304451,0.48899506158792405
-2.43131711193856,0.7691826474485682,-0.08141321218233669,-2.5719313540487727
-2.3900734705401305,0.8060045424945014,-0.20989875185527473,-2.7584467789050064
1.483250120069258,-1.1427077925607085,0.46490198608637945,0.4484987718105657
-1.2157281038149148,-2.5764560926641393,2.7723851699363764,-0.6785459485824743
-1.0769028572521597,-1.283027693709506,1.074793098139371,0.8773656306735848
-1.1970905132860712,0.3632941524256724,-0.43628428833058536,-1.3454655140312723
-0.6466792370977509,1.4890235708119959,0.06107975979937594,-0.8092633221461794
0.7046878069698654,0.17877780542754368,-0.28489990231962264,0.5411448882513012
-0.6249944359501229,1.4167699259290458,-1.0112339860287336,-2.2142734368352666
-0.5383615294044526,-0.18922245145623812,-0.7218714393047967,0.34604102354433536
-1.3649705587721186,-1.7166173749686147,2.048817559866936,1.0338136872440402
-0.6701711050076811,1.690035177423243,-0.23516326715911284,-2.752326074298938
-0.16681155995523803,1.2515291289618686,-0.4260200031196169,-0.36382785825650116
1.9212689301786963,0.6720081067472384,-0.9798376199099049,0.42518790225272607
0.10081215749452581,0.9095025485973658,-0.06602599826643234,0.3122964877626631
1.1360807056175286,0.18367721963945652,-0.1348976013909268,0.7135490049145836
-0.7036549891326948,-1.4493195760785473,0.9932731130369977,0.5172167290273766
0.019703206012442347,-0.8771561516769628,0.3806408655708437,0.10063398196676891
-1.5303703165452023,0.27313814973033534,-0.41950577543186574,-1.2639035666062237
1.5806545618255146,-0.20711294217537862,-0.15285779703498456,1.1418180275137542
-0.05778452540871366,-0.29446322496735383,-0.7350933865918162,0.8000597080792673
-0.6737852385322858,-0.5666960393490749,0.15602900495110877,0.7675393132188087
0.5552681886045927,-0.009959836168392326,-1.0248475240890622,0.5693675046372043
1.1956784760918915,0.7246301888018316,-0.8018250613139342,0.5521882525696142
-0.38042035111106787,-1.002387891411911,0.09445711453612046,0.8534332011906327
-1.959956148430563,-1.2033994980231582,2.0707236084208662,0.15645575692056168
0.0392301568497916,1.390102872104344,-0.7206966669848699,-1.5160386385182123
1.196847754585146,1.375014710690495,-1.3145786268349369,-1.764520266595571
1.1622300246484918,-0.18922245145623812,-0.11022738267246346,1.046069330652935
1.650244348514961,1.1266534020243255,-1.1122874402938119,-0.1662572072513223
1.313563007820908,1.154710601057944,-1.027220103480287,0.2846868907838173
1.4051210571108925,-0.7224431617187743,0.06167866333502495,0.9994570810017611
-1.4860085991647607,-2.5231219850147357,2.659284540704206,-0.7055434751007132
0.17781800444573453,1.0989352627977602,-0.644520744200595,-0.1275876393912788
-0.02803170265763007,0.7947816628810541,-0.4078617086137675,0.30002661015701
-1.661364940471314,0.7390063246208699,-0.29457219442035354,-2.063343503874778
-0.6641829818149538,-1.5289477717648952,0.9693860758651524,0.7166188466821233
0.14901123429373864,0.7933745646817849,-0.20239863680883993,0.35831090114998837
1.6785550611243643,-0.26850311084035694,-0.28963584720152374,1.1276787254005112
0.46898960887505997,0.48642372135689343,-1.5141286779628993,-0.9675475900984553
0.5511225648557814,-0.18431117015107842,0.7370806082874651,1.241789536079535
-0.20687461983497835,0.8414362923315181,-0.11910958280116508,0.2503302845415383
-1.1086151072964847,-2.4961158713829814,2.5872318384153603,-0.3374471469311218
1.829498284799029,1.3858985304968896,-1.3199226891530353,-1.2417931143083338
-0.1771703398577056,-0.06539611462152366,-0.6555543901073588,0.206768897728893
-0.23743176445869454,1.2392551639465577,-1.1843171078312862,-2.6633623445595744
0.3990809280510896,0.06510800511309553,0.4153772706384839,0.6552647139216053
-1.3408409025931407,-0.32849126720317195,0.3512254880699308,0.3546289889218419
1.2724965298305473,-0.25587482832667574,0.004437306177806049,0.8779777011341916
-0.08124450390519151,-1.0893906379016571,0.15720377727103563,1.2534615774213398
-0.8572556639283925,-0.2888500898615949,-0.04370532418782266,0.3920554369316606
1.3746489509230493,0.24052059629185685,-0.13845186352748973,0.8761367450201183
0.055738243213647565,0.2994491907576319,-1.2701676261914285,-0.414738835328681
0.9071855823925672,-0.8897861294896793,0.26477606617413907,0.3080025050739098
-0.9871518747244773,-1.9057110293619564,1.7957808160552464,0.18897615178102026
-1.6316014879157463,0.26296635551875164,-0.441218332074278,-1.2767617910112197
-1.57930284985382,0.12054428356622683,-0.18621442049549508,0.017790956833473436
-0.029796250201995864,-0.20359689197624117,-0.15659864065765353,0.3570867602287747
0.7388094793639269,0.7186627361977024,-0.598336067701511,-0.019028165447991283
-1.224338245447061,-1.4472004522844675,1.661971945340444,1.4313890369000672
0.14849391714217758,-0.21202422348053832,1.0532786403587502,0.3626048838387417
1.263425763337422,0.12966499237594695,-0.1451618866018953,0.9080403246877174
-0.9363059766087158,-1.4170410824471216,1.0589912586987866,0.46936135952597813
0.684314015041947,1.2880119642007488,-1.063131280867854,-0.8595574840254996
0.12389654956589766,1.2283882971305153,-0.8260806545077175,-1.4160196826299036
1.1891588626749576,1.5286766152468194,-1.2549877250378643,-1.8178985044391895
-0.6755568726129744,0.2341971308903223,-0.784848449553423,-1.0638656548296066
0.5961575031868844,0.7067278309894443,-0.46411257146202844,-0.4902275254701891
1.5462494279785428,0.9915889278848464,-0.895161873869689,-0.011673830456203849
1.7556565763159302,1.396070324708473,-1.2717570240360354,-1.1871812460789966
-0.2109422916842393,-0.6252686210174444,1.5881455671960227,0.735023663090603
-0.29977202448996343,1.0985792500003546,0.1670856856092436,-1.2068244376054478
-0.6602499541558252,-0.6487824186365555,0.2483983579492769,0.8522090602694191
-0.20588250474979275,-0.221495859190558,-0.4199019731554489,0.539917900490736
-1.0688242058442199,-1.5720931322123628,1.2642539281667855,0.25094235500214507
0.4943948415921338,0.21982099507128397,-0.36779506207885143,0.44359271866120564
0.3450815212717024,-0.21062051587933975,-0.7978630840781025,1.0552741112233013
-1.4369697678113016,-1.3798462216134304,2.027487380097284,0.020258217604911727
1.2338040415083094,0.8375879635214688,-0.6867434434638474,0.3030917071922969
1.3924361570931625,-0.26324090263489763,0.13925970595293763,1.1375003211637371
-0.8688067181344818,-0.15449255541982077,-0.3968096349059069,0.23560263562895242
0.31631018380132025,0.3941655478578291,0.16056685097121834,0.7202960141780169
-0.252281601323026,-0.35410045442986926,0.7992514022381024,0.6411491354696263
0.437560820283645,0.1693010838204182,0.33800354078291117,0.6202912924864666
-0.48935104419628433,1.3694032708837711,-0.059115572855098115,-1.9117967557214297
0.508603346919256,0.975093668271728,-0.2955580817790372,-0.9080486476487687
-0.7230720986570414,1.5142835264374288,0.25549306137158,-0.8252056225154732
-1.9529050447894227,-1.3075925767304806,2.2590096661283536,0.38285065636129445
-0.8923340187260259,-2.1663632560337893,1.855579030614659,-0.10182374325875905
-1.4394146228426516,-2.6395890287373693,3.724296270347672,-0.6147767471052984
0.15312851189725882,1.4641196279839686,-0.6575353787252747,-1.3454655140312723
-0.8364921125027227,-1.474918591511033,0.8843187390516273,0.41353009510767985
-0.7840871763959553,-1.3973925666284124,1.073802603830413,0.6356310118596593
-0.5063339284937648,1.271533657577983,0.06759859443740127,-1.739373185655911
-1.570976169674584,0.30014426336209016,-0.4692447140675128,-1.336260733460906
0.41849803757543613,1.008779260102423,-0.532797593100417,-1.119711153444663
-0.5450583062294553,-1.393883297625416,0.9024931578834366,0.9497607553862893
-0.41547035976341024,-1.2665493870867404,0.601498061717087,0.9963919839664742
0.8351509406717705,0.9154700012014949,-0.5195733423382602,-0.323307844817879
0.4036871766608798,-1.135350194747663,1.631381795519604,-0.43808291801229
0.7903994637935776,0.8284672547117488,-0.4238501295404579,0.7810380764779281
1.4660298368049651,0.6299138317016345,-0.8201607234053411,0.6595586966103586
0.8156629657841964,-0.21167329658023865,0.6247861953532834,0.43316379716962583
-0.7552804062439593,-1.536661382375346,1.4870921129309445,1.027066677980607
-0.6592932717522534,-1.963249478618815,1.8492675087389736,0.4024843584232405
-0.9788606272268551,-1.2100620232317454,0.9658387241540006,1.0031389932299077
0.09163863622472047,-0.3330517911379355,0.9751217289565597,-0.07302321848446905
-1.0439504633513526,-1.5622773507981844,1.2443288682307718,0.2877519878191042
-0.4136243170513328,0.17737070722827455,-1.1590479855771738,-0.9246077632109224
-1.0217696046611318,-0.3653250293423519,-0.1694382110719126,0.766315172297595
-0.7540048297058635,-0.5558122195426802,0.12898620684142073,0.8160114979130668
0.3958211213426226,-0.17659247364352165,-0.8639958552645715,0.9589655359566556
1.6232800778068814,0.3366270986009704,-0.6605068616521483,0.9773703523651351
-0.15002004757115353,1.121041962217602,0.0020877615379524006,-1.2970217977305307
1.117620278496754,-0.958886518167038,0.32024374747578216,0.23007976728673268
-0.06913715659776593,0.5215164113868572,-1.5174917516630821,-2.4645580631686763
-0.2006313813346319,-0.015571275975116036,-0.8416751811859617,0.2987977245035436
-0.4091314530227066,-0.4088247072881897,-0.4125999569708057,0.7933079540835811
-0.6585137527567504,0.06826126131868653,-0.4335201181660517,-0.13925968073308329
0.06117715984136142,0.5579992466257376,-1.5324873748056775,-2.3363553976989375
0.3602467090023964,0.9708893266642735,-0.9731345072609108,0.07728989928315987
-0.16293295689506818,-0.21728643168599762,-0.478718907306452,0.9276740267496634
-0.8513738387805064,-0.05766555102072001,-0.32042662970680585,0.035583702781346115
-0.4825869452762155,-1.0844742706993917,0.1759540648871226,0.8086476734567739
-0.8144884172205709,1.5465620200688546,0.40293850489808225,-1.7516620421905749
-1.0927058332519015,-1.4861414711244803,1.10102967995107,0.2724170131781643
-0.30894908902793017,-0.23202027560147664,-0.45246850464393024,0.8804307277088718
0.8714340066442721,0.7011163911827206,-0.35674298837099083,0.28959294393317747
1.3972195691110214,-0.3358581891609114,0.13925970595293763,1.1049989052322895
-0.6826788416173424,-0.5901928839778332,0.23003966110649887,0.8043536907680205
0.15918395718505232,0.2419107415007733,-1.2652381893980102,-0.22637296489386824
-1.0032383121771296,-0.39795105927600666,0.058730215159522293,0.3638337694922081
1.6701929482635143,1.0715731363685999,-1.0799005798660253,-0.17669561820740753
-1.5018470078461166,0.10264192575383949,-0.13904385663772736,0.42088917483172
-0.9845298562850584,0.29770303275131,-0.4915469603450255,-0.023915239668340315
-1.0485212792795289,1.565854523090158,0.11477376524544322,-1.0755376961714107
0.2406259758743052,-0.18255653564958024,0.9255739787572929,0.2975688388500772
1.3407398746186705,0.9807051080784518,-0.9689882520141101,0.05707733988637644
1.848561067507238,0.9975563804889755,-0.9494547828514053,0.12884615994171592
0.8061670071117059,0.9308972224223968,-0.3145055468668609,-0.632569493053171
0.6362672987736733,-0.3295437088442638,0.7597928731393838,0.4362288942049127
-1.7222382874837727,0.5169560569819972,-0.4804948866371649,-2.028327379849364
1.7497393184864303,0.20227465005630205,-0.5967466698569042,1.3105407064221155
-0.9493097707609699,1.7040722534352284,-0.31292674500788475,-3.125973739204266
-0.967876495926586,0.23490915648513322,-0.8507508732261808,-0.601254260184915
-2.4408130706110507,1.2918772460011507,-0.3257557194365131,-2.683005536086026
0.5378353092506172,1.2462737019525503,-1.1420713738166623,-0.32027121617610876
-0.3094699494476526,-0.3502419538256084,-0.3170713878220893,0.525806117824559
0.5291188695736295,-1.1911255330078472,1.6528962533002247,-0.11041170863626563
1.454585080643717,-1.0792188436900734,0.4007732382691975,0.5699810459648095
1.481974543531162,1.4616614443828355,-1.3872071979080602,-1.4276917239717084
-1.26228664745541,-2.0972459143660775,1.735591010722525,-0.5436057633138073
-1.7508678942276998,-2.5329547194192665,3.604100937693198,-0.8718463405601637
1.1749149246662216,-0.8852257750848193,0.27919582053245656,0.5994310771371807
1.204890973311472,0.3043655579598974,-0.16884621796167493,0.735023663090603
-0.41901717119294873,-1.2928604281140368,0.5511671299712023,1.05347111296725
0.6467908052129634,0.3089259123647574,-0.18562242738525744,0.379168744133148
1.1080888871426495,0.1868474288354001,-0.16312208224595307,0.8356451999750127
0.16410201339304376,1.2750429265809797,-0.48365295105014466,-0.2257561497010087
-1.9781685467800414,0.8032072990863158,-0.3425321592076093,-2.5259074511969413
-1.361994213516562,-0.44390553022490664,0.2523373004337374,0.9086523951483243
-0.9368728995145362,0.2489292795067661,-0.6133316908441064,-0.6951525114671555
-0.7449694958943518,0.24542001050376971,-0.7295650462627489,-1.123364597279293
-0.4738386161857754,-0.04364542799908711,-0.8369530571548834,0.19756411715852684
-0.8366692759107914,0.27067996612920264,-0.7420038120031506,-1.2583522298704872
-1.0750249251266297,-1.4843953131181586,1.7420868106091791,1.5810853394748365
-0.9867975479083397,0.21280245706529122,-0.561411361253615,-0.7202995924068156
-1.120662219045167,1.744064357677105,-0.17516234678763445,-3.4879493627677887
-1.6510540301217067,-1.7110059351618914,2.4628902505140853,-0.19202110338384193
0.739270104224906,-1.1634073937812814,1.1369638920900083,0.37058077875564144
1.2715044147453616,0.6390345405113546,-0.7846411367910829,0.5804113434287426
-0.3450868810058153,-0.3639230170401886,-0.32634794289426444,0.9301270533243435
-0.7703038632481981,-1.8141479284673503,1.5056581225360626,0.35217596234716186
1.6045361892331964,1.0094743327068811,-0.8726799565314816,0.22639785505858623
1.4066446624202846,1.3522129386661947,-1.408928968451021,-1.2105253287626054
-0.10640879438729176,-0.893278445502323,-0.014312981438280914,1.2117553809195258
1.3247597352108598,-0.28534251615763373,-0.10963538956222581,1.0295197045552869
-0.8783026768069725,0.30119534876395376,-0.7775464333687797,-1.2786122365897983
0.19410286491542375,-0.17097933853776268,-0.8724726437691416,0.7706091549863484
-0.4417684960571511,1.601981345531633,-0.4177297961011529,-2.7768563400457387
1.2713626840189065,-0.3519948930280714,-0.22647916589220277,0.811100700031454
-0.29551655942814953,-1.2654983016848766,0.7688685651796028,1.3019527410446088
-1.916940872951445,0.2815637859355972,-0.1404236382448571,-0.1417269415045217
0.24735818538092166,1.420974267536501,-0.626346325368786,-1.3485495899955702
-0.0848869835750872,-0.412333976291186,-0.42404592492711235,1.1381171363565967
0.24934241555129286,1.2283882971305153,-0.8116839349007711,0.1852942395528738
-0.23743176445869454,1.2392551639465577,-1.1843171078312862,-2.6633623445595744
-1.9948573398201277,1.0396506555345797,-0.3208214453453067,-1.5663802477200603
-1.0075610993340096,-0.5680861845579913,-0.07134702583315976,0.6442189772371659
0.17725108153991417,0.6281507207049599,0.17892554781399636,0.5086287636498701
1.0155032900858654,-0.16922639933529976,0.03306950213210105,0.7546573651525488
-0.07637251018329799,0.9719404120661372,-0.1033192607362663,0.1533906598852748
-0.02978207712935036,-0.20360536847141747,-0.15660785455820195,0.35708201549652197
0.9500591271452302,0.6635824705419766,-0.44950623561760494,-0.14111012631166206
0.019692576207958223,-0.8771561516769628,0.3806408655708437,0.10062449250226338
-1.4307690485288915,0.34469672200882684,-0.34924287332455606,-0.43808291801229
0.03780930631707939,-0.3281335591067312,-0.04490313125912062,0.3012412616137181
0.08539539772437398,-0.2948141518676535,-0.7423954027764594,0.7393176457793561
-0.5122937055412011,0.15000858079911433,-0.6152896447106511,-0.17546198782168837
-1.4375721233987357,-0.28499158925733414,-0.16687213976917045,0.4098481828795334
-1.1784174900756137,0.4422272755075622,-0.46490266343405773,-1.4546892504899471
-1.4225840990761105,-0.002585285364994148,-0.28805796673260237,-0.5901990340359702
-0.6131953529727371,0.1538569096091635,-0.8898408463029617,-0.32700873597503655
0.5505556419499611,-0.019080544978112412,-1.0124087583486605,0.6675345915272584
1.871450579829734,1.4020208243222494,-1.433391874407144,-1.4896579271928327
-2.1220252341319523,0.7484830462279954,-0.12423942193151223,-2.5750154300130705
-0.18138009676023778,-0.5958043237845569,1.621315609170427,0.9264451410961969
1.18288727802932,-0.9799421321850164,0.6005075674081288,1.0203196687171736
0.6940225698041202,-1.099562432113241,1.0388588860004329,0.6699876181019384
-0.7260130112309843,-0.6894695954828904,0.062461844881642796,0.9957751687736148
1.3098071435698482,1.5781284881054694,-1.1634015535863143,-1.3688095967148812
-0.6887732628549109,-2.108129734172472,1.9534767239418946,0.3294724185176762
-1.5400788713073756,0.5064282499730081,-0.543653871421623,-1.8424287701859898
-0.6681160094740823,1.6518061841780407,-0.3443085992333496,-2.802003420985399
-0.9843526928769895,-0.4400470296206459,0.12583044590357806,0.3552410593824487
1.0811600491161835,0.8326715963192034,-0.48621902235288683,0.34542420835147575
0.8515562722589466,1.3715054416874983,-1.0692585247325703,-0.9074318324559093
0.0677038597946181,0.5544899776227411,-0.0851678766558283,0.36812775218096133
0.2858380776134771,1.0382435573353104,-0.376283367959107,-0.47058433394373766
-0.5329048964359319,1.2694314867742558,-0.13292352319842232,-1.9627077327936095
1.1210218159316758,-0.15729827532318258,-0.17239817662310075,0.8687729205638254
0.1509529452461733,0.059852578103777254,-1.046154669107343,0.511693860685157
-0.34134873309556246,-0.023284886585567006,-0.8485856065972961,0.24480741619931856
-1.5894011641137449,-1.7317055363824643,2.560995256603661,-0.1484644613034495
-0.09273886582069886,0.001263043445055018,-1.0872025960506684,0.27487003975284435
1.173497617401671,0.8930072889842475,-0.6810308251238111,0.7583392773806953
0.07016288789861379,1.3136279326235871,-0.39740162801614454,-0.2214858906735192
-1.1532248534482226,-1.2925044153166316,1.0402409710826996,0.7859441296272882
-0.5042504868148752,-1.4619495538912637,0.8174258210699116,0.7239779264061634
-0.502407987370959,0.012146863251449608,-0.8645717240488493,0.0006150260784602763
-1.4932014335323565,-2.605564377099622,3.721532100183138,-0.7497169323739652
1.103057446353494,0.08301036292548288,0.1045233008852974,0.9154041491440104
0.3698489657197284,0.008281581451047805,-1.035512613973888,0.5098529045710837
-0.3553517288693248,-1.1998902290201616,0.46135463437522795,0.5926821699808462
-1.036757628983757,0.14473620079944347,-0.47516464516988904,-0.7877696850411491
0.3486602221146933,-1.1511334287659705,1.5907254593495876,-0.4325315812765538
0.008531281499620336,0.28085176034078635,-1.341828737706965,-1.2405594839226146
-1.0443402228491039,-1.5868252808288066,1.2575508155177912,0.26198334695433173
1.3615034260443404,1.067368794761145,-0.9719367001896128,-0.11226215421484441
-0.7313279134730499,-1.9485003770120188,1.8352623799053362,0.6067934781737977
0.6254248981998595,1.309067578218727,-1.0479283449629186,-0.7209164075996752
0.4192775565709391,-0.24219376511209562,0.7619581397682686,1.1491723625055414
-0.04543977913447582,0.8351297799203361,-0.17042409843059628,0.30370377765290374
-1.2232043996354205,-0.2709595991424544,-0.22726695438909486,0.600658064897746
-0.12296294323724562,0.3092649721718102,-1.3532770091384088,-1.5074506731407058
-0.8702594580806465,1.6518061841780407,0.2803705928523834,-1.9043949734071146
-0.3755022949030764,0.09669142614006303,-0.9914932041036888,0.1417328527402286
1.3445666042329578,1.591114478715591,-1.2741296034272602,-1.49397563354285
0.8263636356315553,0.03564370788020802,0.09247612591820466,0.7497465672709359
-1.4429578910040286,0.239808570697046,-0.45069252531321735,-1.1276823036293102
0.5017294066861845,0.09492831514338848,0.2432616083935184,0.746681470235649
-0.16184503183879898,1.0943749083929,-0.2140450071020753,-1.2424099295011934
-0.5549085917180837,-1.3138990891416626,0.720311309289294,0.8939294909679911
-0.28799420112154595,0.21736281147015124,-1.1154432012316544,-0.942400509158795
0.19828392134584874,0.845996646736378,-0.7931409600470242,-0.7190659620210964
0.13519957500069066,0.26647562452174806,-1.1673404960707747,-0.09446940826697162
-1.9790897965019996,-1.2244381590507838,2.0610490128449976,0.06443167487816388
-0.4382216846276127,-1.5864692680314014,1.1643982809730054,0.7393176457793561
0.03780930631707939,-0.3281405098327758,-0.04490313125912062,0.30125075107822363
0.4528677387407941,-1.1391985235577122,1.5611027690863346,-0.4122715745572427
-0.24802613626121212,1.256445496164134,0.15978366942460043,-1.509917933912144
0.7098609784854759,-0.08784187384841838,0.0634523391906007,0.7644742161835218
-0.16326403987206725,-1.0030829640163692,0.08259421757999666,1.0031389932299077
1.4188335048954221,0.06441293250863735,-0.11042317805911793,0.9620306329919425
-0.9743606766619061,-1.2475959438724895,1.0058961567883682,0.9865751329355014
1.166836273258282,-1.2433916022650349,0.5501766356622444,-0.02638250043977861
0.16731930088357416,1.141029537843364,-0.7076589977088192,-0.0509127661865792
-0.042693746309408566,-0.30288207997647465,-0.3972035291543529,0.6374719679737326
0.3706284847152314,-0.3172655055813646,1.1047843444245617,0.4239590165992596
0.9837556073599266,-0.9525800057558562,0.8853092333605853,0.7638574009906621
1.0884591815286202,0.8133790932978995,-0.5195733423382602,0.7951489101976544
-0.7037258544959223,1.513927513640023,0.30997024836426523,-1.376163931706669
1.3971132710661804,1.5251673462438233,-1.3854335220524843,-1.532597754080366
0.07688092433258478,0.07038038511276641,0.7996429930114115,0.8288934459793267
0.2636572189232564,0.3668034214286688,-1.4282781596027567,-0.6718084287835463
1.1474191637339353,0.8617968337450381,-0.7574140606704259,0.5067878075357969
-1.1903937364610686,-2.3617634228383126,2.4135498130771587,-0.7393259687404075
-0.7781344858848416,-1.8976414059541,1.447034680296577,-0.24663297161317943
0.8289147887077469,1.2164533919222573,-1.1065517872024044,0.08284123601889619
1.3007363770767228,0.7134073091883842,-0.8906240278495795,0.47488422786819784
0.10175821009361348,0.0009070306476495892,-1.0473524761786408,0.47059024517944453
0.06373185618571434,0.31418133937407566,-1.3615464848806387,-1.3528672963455874
0.7880963394886825,0.6965560367778605,-0.43845416190974434,0.23928454785709888
1.2782720569335921,0.971245339461679,-0.8106934405918131,0.0129038826131244
-0.313062823363289,0.1693010838204182,-0.7423954027764594,-0.4791722993212442
-1.4840243689943897,-0.0011951401560777082,-0.3391769173228928,-0.6227478972899454
1.2257253901003695,-0.8743419552784245,0.46550088962202846,0.965100474759482
0.8359658923488873,1.5156906246366977,-1.0558292646832108,-1.3197016178987528
1.121447008111041,-0.18606410935354134,0.04391887002789584,0.93626199212717
-0.9878959610383665,1.628648399356335,0.08892877420705304,-1.9823509243200612
-2.0427268926803324,0.929151064416075,-0.32417668723002324,-2.9425423903123296
-0.028836024530262672,0.8309254383128815,0.08655619481582828,0.2773230663275244
-1.1659451861475665,-1.8565982163103596,1.7580959628121033,0.10185337815572978
-0.4645198209213536,0.2071910172585675,-1.0246402113267221,-0.8264392529011926
1.1198525374384214,-0.07626298143756557,-0.020025599778317228,1.4829168291651067
0.9944208445256717,0.851269026736049,-0.5718691383761009,0.6791923986723045
-0.764457470781926,0.14824546980243988,-0.8339815742280097,-0.346651927501488
0.4492181725345757,-0.38286628846022797,0.6342534781668113,0.09755939546697649
-1.053162960570933,-0.36251930943899,0.011739322362449274,1.1405843971280352
0.889256645495999,1.166984566073255,-1.1685383031420729,-0.0846478125037459
-0.4570470683690092,0.1780657798327328,-0.6273368196777439,-0.12701827152094683
0.11003882778675178,1.211197964912939,-0.8859019038185011,-0.09081596443234184
0.8824181379445412,-0.14151504130487516,-0.1822662641104861,0.9920932565454682
0.7605651458747823,1.0336832029304506,-0.3853613634744631,-0.26750979352535004
-0.7879493386918562,1.6970537154292356,0.2853000296458019,-1.009253786600269
1.091293796057722,-0.11379690207830952,0.12898620684142073,1.5902901200452029
0.3840574710468507,1.2325926387379702,-0.7070831289245414,-0.25645456737640515
0.04461946772324621,0.9351015640298515,-0.046469494352356366,-0.8362608486644182
-1.7190139134569196,-1.6338359230766761,2.4252053972709424,-0.12208374997807013
0.3045465335055482,0.23490915648513322,-0.27660969530115864,0.5110817902245501
0.464489658310111,-0.45442994663582525,0.9555652250424836,1.1866082999798657
1.3304643969506769,0.8316205109173398,-0.6259547345954771,0.9289029124031298
0.6961839633825603,1.2666172903757176,-1.0791173983194073,-0.12208374997807013
0.7344512595254331,0.11667900176582506,0.15128384616865925,0.663240608838505
1.9184343156495944,0.6832309863606858,-0.988521721176815,0.27916402244159766
-0.09004243874989089,-0.40216048678056704,1.4488083561521528,0.9994570810017611
-0.7295562793923615,-1.4380797434747472,0.7674864800973361,0.12025819456420934
-1.0309821018807124,-0.047849769606541706,-0.534969770154713,-0.13437260651273425
-1.441824045192388,-1.3367008611659628,1.9935571913276333,0.17486057332904126
1.199646936432634,1.3364297046478875,-1.28714423795194,-1.547353871386468
-0.9045937265643907,-0.40601898738482783,0.061494385324056,1.3951867298114622
-0.008022867350333538,0.1759636090290055,0.6646593499766821,0.9074282542271106
0.5497052575912305,-0.24991076632061715,0.7254480588450526,0.41843614825703995
-0.046290163493206325,0.23735038709591327,-1.369447404600931,-1.3356439182680462
0.829517144295181,-0.22605621359541803,-0.02179927563389303,1.1436210257698054
-1.063403005557313,-1.503687816139462,1.697284219192362,1.2933647756671023
-0.25881184454444406,-0.43338111381398803,-0.42779598245032974,0.9908691156242546
-0.6387777490978799,-0.06081880722631096,1.2999808275433835,1.0571245568018799
0.29621985332631207,0.11281371996542322,0.13214196777926335,0.4779493249034847
-0.4114948128863451,-0.6235224630111226,-0.41042777991650964,0.5092408341104768
-2.361302133069749,1.1476920630519514,-0.3289136917104874,-1.1890316916575752
0.5825513534471964,0.8281112419143433,-0.37036113338159354,0.8006717785398741
1.5050057865801134,0.027930097269757013,-0.3932576762444811,1.1552930671116097
-1.0182972018629823,0.3106720703710793,-0.4236520306786663,-0.046642507159089686
0.20951608141741412,-0.1229176108880296,-0.9393885965022283,0.6202912924864666
-0.07566385655102256,1.2571405687685921,-1.1803781653468253,-2.399555231305781
1.0603964976905134,1.2904701478018816,-1.2549877250378643,-1.1375038993925357
-2.348156608191039,1.1526084302542168,-0.38082121397921653,-1.1565302757261275
-0.7689574213468748,0.15000858079911433,-0.8787841656448269,-0.5466423919555776
-0.6396635661382242,-0.6761445450657158,0.31609749222898154,0.8558909724975656
-0.7836974168982037,-1.311101845733477,1.0210990926933037,1.1430042105769458
-0.7789140048803446,0.01809736286522611,1.4568935538834138,1.0117269586074142
0.10549635800386635,0.6628873979375184,-0.05554518639257539,0.2613712764937249
-0.598207328650112,-0.027506181183374275,-0.6719551330835922,-0.10490781922305698
0.14295933227410654,0.6193860246926454,0.05515982869699962,0.48837824639506444
-1.6829788762557143,1.121041962217602,0.3920891370022875,0.13314014263046922
-0.9764157721955047,-1.554207727390328,1.5024793268468488,1.004979949343981
0.5208984874392346,-0.32393079121146506,0.7783358479931308,0.4067783411119937
-0.04704842287974102,0.45134798431728224,0.14280705766408922,0.4779493249034847
1.1428837804873726,1.3522129386661947,-1.2705592169647377,-1.5037972293060757
0.10455030540477864,-0.27446717284641553,-0.7112293841713418,0.9657125452200889
1.172540934998099,0.8979236561865129,-0.7183240875936451,0.1184172384501361
-0.6665924041646902,-0.7059648550960086,0.01864974777378355,0.8620259113003921
-1.1239928911168613,-1.4812420569125675,1.4043973555086444,0.8479150775806659
-1.6839709913409002,-1.6569937078983816,2.39599733253237,-0.3325126253882451
0.8808590999535353,0.057394394502644525,-0.021016094087275134,0.5503477709287663
-1.5567676643474615,-1.3549422787854029,1.9945246508852201,0.08649467985352607
-0.05820971758807893,0.8852936783737965,-0.40351965798031253,0.006735730684528458
-1.018828692087189,-1.8727374631260723,1.8214415290826675,0.25830617945843803
1.4551520035495376,0.8982796689839183,-1.0864194145040504,-0.14111012631166206
0.8620797786982366,-0.20395629537171717,0.1964780283587854,1.4534520418754293
0.5240519961028602,0.7604009984459009,-0.309768680594905,0.8436210948919125
-2.1617098375393757,1.053687731546565,-0.3008860197711759,-1.8111609846402614
0.6250351387021079,0.37031269043166526,-1.4375381296539447,-0.43376521166227305
1.2278513509971958,-0.8182106042208351,0.1787182350516563,0.7141610753751905
-0.27016447573349633,0.09597940054525217,-1.0108193605040536,0.25400745203743197
1.2605557161267062,-0.7817277689819548,0.24386051192916733,0.7417706723540362
1.467447144069516,-1.0150178692246274,0.30444190803519783,0.7196839437174102
0.8361430557569562,0.16087544761515632,-0.28568999429165187,0.8393223674709065
0.779840524672674,1.4991953650235794,-1.1140611161493876,-1.4098989780238353
0.24622433956928105,1.190498363692366,-0.8103018498185043,0.03311644200990782
0.610932931419827,0.1398367865875306,-0.025162349334075698,0.48101916667102435
1.2027650124146458,-0.190975390658701,-0.07687536616222718,1.3749267230921511
-0.8180316853819478,-0.11133871847717679,-0.2683217917578317,0.05892778546495522
0.5257173321387075,-1.1332310709535829,1.6331554713751797,-0.3178039554046703
-1.014151578114171,1.8131647463544636,0.3476781363587792,-2.178687944939521
0.6337870110607094,1.3651989292763167,-1.0623480993212362,-0.8528199642265719
1.4926397806969072,-0.8985508255019938,0.4728029058066716,1.2687870625977742
-0.6806946114469712,1.2224208445263862,0.07036276460193497,-1.8633055920981607
0.11131440432484756,0.8021562136844522,-0.5941898124547106,0.06628212045674266
-1.3498762364046522,-0.4095265610887889,0.27544115605896496,0.8227585071765001
0.24516135912086787,0.7611130240407118,0.02615907672076678,0.8982234736567445
-0.4277194377972909,-0.37970794635753125,-0.4295719617810427,0.678575583479445
0.8186747437213671,0.8386390489233324,-0.5768216099208904,0.6037255342991592
-0.28388046678618706,-0.4340829676145873,1.4348032273185152,0.9111101664552571
0.034875480279459165,-0.15414501911759163,-0.8545055376996724,0.5650727627912906
1.267890281220757,-1.0683350238836788,0.7623497305415775,1.1074187186812001
1.4541598884643518,0.21736281147015124,-0.8160144681585406,0.7086382070329708
-1.2556607359936347,-0.22079400538995872,0.2918188642838272,0.45525052580625186
-0.9843526928769895,0.02933719546902613,-0.43885035963332747,-0.2276065952795875
-0.26604719812997607,0.2149046278690185,-1.154901730330373,-0.9454371378005654
1.3556570335780682,1.2325926387379702,-1.3921596694528497,-1.484770852972484
0.2979914874070006,-0.3502419538256084,1.1641909682106653,0.2104460652247867
-1.133028224928373,-0.24675411951695564,0.23082284265311667,0.6712165037554048
-0.43963899189216354,-0.3018292992755757,-0.33819010857415427,0.4000313318485604
0.3832779520513477,1.1252463038250564,-0.23457127404887515,-0.4656498124008609
-2.5209972291030147,0.8277552291169379,-0.1729901697333384,-3.032692303114885
-0.8417007166999471,-1.3682842821929302,0.9603103838249332,0.7982187519651941
0.9537795587146762,0.16614782761482721,-0.1935164366801383,0.9466909136187498
1.2687406655794875,1.5704148774950182,-1.3349183122956307,-1.6811078735919436
-0.02420142977518142,0.8435554161255979,-0.08712583052237301,0.24726044277399864
0.6563930619302952,-0.7694538039666438,0.39524489794013,0.5270335800583497
-0.8746531106007541,-0.407773621886326,-0.023964542262777788,1.3528637181167888
-0.7861777046111675,-0.3376121455427955,-0.5055613030792114,0.3920554369316606
-1.3532423411579606,-0.2635918295351973,0.27878119500777654,0.38837352470351416
-0.45392544911883603,0.24928529230417154,-1.1760245973376848,-1.0718368050142535
0.546091124066626,-1.4875485693237496,1.5421682034592785,0.45402164015278546
-1.192625995402736,-1.621901017868418,2.3944079346877625,0.1681135640656079
1.5460368318888604,0.19630719745217298,-0.1729901697333384,0.9509896410397558
-0.6686829323799027,-0.49161463567530483,0.21227986779936975,0.7552694356131556
-1.2095628172141186,-1.7264501093731457,2.0334073111996602,1.1197075752158643
1.6685984775908944,0.347510918407365,-0.7877968977289256,0.7614043744159822
0.7823208123856379,0.6351692587109528,-0.16292398338416147,-0.13864286554022376
-1.2724558270785624,-1.5296428443693535,2.2925712988760667,0.528260567818915
-1.6643412857268707,0.509581506178599,-0.4443763964872578,-1.9565870281875415
0.5125718072599985,1.1799705566833771,-0.8697084736046078,0.20922192430357306
1.6472680032594043,-0.40847547568692527,-0.18621442049549508,1.0988307533036938
-0.8037877473732119,-1.4791229331184874,1.2127482241009742,1.1221748359873027
0.19683118139968414,-0.13695468690001514,-0.8608170595753577,0.8497560336947391
-1.7604701509450318,-1.3093387347368026,2.176706499479362,0.31720254091202316
1.1890525646301164,1.2010092177110028,-1.3406309306356672,-1.3454655140312723
-0.5607904168659696,0.24157168169372054,-0.6409503577380724,-0.3607437822922033
0.076168727432148,0.37451703203911985,-1.3834755681859396,-1.3970407536188394
-0.38420456150741866,-0.2292128603990795,-0.4199019731554489,0.2527833111162183
-0.73752863275546,-0.13870084490633702,-0.4127957523574602,0.2834580051303509
1.507379776248236,1.3739636252886314,-1.240567970679547,-1.2626699362205045
0.888654289908565,0.8351297799203361,-0.3932576762444811,0.9061993685736442
-1.2273500233842318,-1.8762467321290688,1.8749282217663947,0.2214918019092261
-0.18634669574204007,0.7267323596055588,-0.07786586047118509,0.03131344375385671
-0.922806124913869,-0.352345819928371,-0.026728712427311497,0.4687492890653713
-0.9891361048948486,-0.08012826323796741,-0.5201653354484977,-0.042324800809072624
-0.06998754095649644,-0.19974517256812147,-0.4874030085733621,0.5847058005907212
0.4004273699524129,0.4737937435441769,-0.01410566867594091,0.6067934781737977
-0.7563079540107586,-0.678246715869443,0.03385268367871895,0.9055872981130374
1.7624596511857742,1.2809934261947562,-1.4693260865460822,-1.292087276187654
0.4670053787046888,0.8488108431349163,-0.6245726495132102,-0.17977969417170556
-0.20909979224032316,1.4258906347387663,-1.186090783686862,-2.335121767313218
0.9939956523463065,0.2555918047153534,-0.2833220218507013,0.5362364627358147
-1.4328950094257178,-2.516103447008743,2.704478722894331,-0.6503622390010437
-1.7776550015277106,-2.4575308653403733,3.2259394244336157,-0.14296057189024083
-0.07244656906049216,0.5253647401969064,-1.4918310386356608,-2.4621382497197652
-2.4704702251217774,1.1627802244658005,-0.27759788613497943,-1.3000584263723012
-0.24192462848732074,-0.6975392188907469,-0.3529929308477734,0.8356451999750127
0.5202252664885729,0.7004213185782623,-0.27108365844722837,-0.40615086995117444
0.4470922116377494,-1.0816770272912062,1.5628764449419104,-0.2895727985007122
0.23662208285194902,0.34820599101182326,0.4516800387993599,0.9681655717947689
1.9941539562582233,0.1791168652345964,-0.6366198244803029,1.2583486516416889
1.8844543739819881,0.6218442082937781,-0.8859019038185011,0.5411448882513012
-1.196807051833161,-1.92956388678812,1.9187403188742542,0.28223386420913726
-0.7971972685930505,-1.6997830555484437,1.3011786346146816,-0.006739308913327157
0.47125730049834136,-0.5133619316996708,0.02496126964946887,0.4442047891218124
0.16504806599213143,-0.9676512141793525,0.7384626933697321,0.42764092882740606
0.858926270034611,-0.24815613181911894,0.7264385531540105,0.4521806840387122
-0.9659631311194423,1.730383294462525,-0.2645717342346144,-3.1130680674767417
-0.28771073966863575,-0.38953050896785063,-0.441218332074278,0.8650910083356791
-0.6273329929366318,-0.28113308865307335,-0.1554238683377267,1.4105122149878964
-0.029796250201995864,-0.20359689197624117,-0.15659864065765353,0.3570867602287747
1.031696025583359,-1.0181711254302186,0.674909814336828,1.0755341179426123
0.3161684530748652,0.22087208047314763,0.6701876903057494,0.9411727900087827
0.5317763206946623,0.8523201121379126,-0.1980565861753849,0.8828837542835517
-0.5092181487771258,-1.4117687024474508,0.9595272022783153,1.0577413719947395
1.240996875875905,1.3999186535185222,-1.27846013668503,-1.61729122479224
1.2362488965396596,-0.7231382343232325,0.21702502658181927,0.7969898663117276
1.1814345380831557,1.4430809669563425,-1.2893095045808245,-1.7915177931138102
0.48663508431871794,0.7151534671947061,-0.13746367269366894,0.8301223316327931
0.7331756829873374,0.16999615642487637,-0.5203634343102894,0.5098529045710837
1.3581373212910322,0.9673800576612772,-0.8809494322737116,0.11167022918670276
0.5983543294469383,-1.369335367594794,1.5309042100388037,0.4049373849979205
1.3151929111751415,1.4157018875368297,-1.2190535128989262,-1.4749492572092582
0.019703206012442347,-0.8771561516769628,0.3806408655708437,0.10063398196676891
1.0693963988204114,-1.0297500178410712,0.47538279796023647,0.5307145433400455
0.5076820971972981,-0.7505173137427454,0.31609749222898154,0.18958822224162708
0.019703206012442347,-0.8771561516769628,0.3806408655708437,0.10063398196676891
0.019703206012442347,-0.8771561516769628,0.3806408655708437,0.10063398196676891
-1.186000083940961,-0.023640899382972435,-0.1722023812364463,0.34788197965840856
1.5811860520497212,0.6078071322817926,-0.9016807085077143,0.32763146240360297
1.093455189636162,1.1368251962359095,-1.0864194145040504,-0.0018522346929781218
-2.109659228248746,1.219606648127848,-0.42029586740389496,-2.2676516746788846
1.253858939301704,-0.9332705497441995,0.48839743248491607,0.695144188506104
-1.3284748967099345,0.36049690901748693,-0.43549419635855613,-0.29692713349249966
0.9102682256929654,0.06510800511309553,0.15582169218876882,0.7344068478977432
0.3086212918911319,0.7134073091883842,-0.22391309458946063,0.8043536907680205
0.7032350670237008,-1.3949343830272796,1.5032855431448378,0.6656936354131852
-0.4787566723937668,0.15211075160284163,-1.0550460831365929,-0.003085865078697268
-2.256102501358462,0.7895262358717358,-0.17516234678763445,-2.6013961413384497
-0.11198944174146072,1.0231553959214612,-0.0835784788112214,-1.017224936784916
0.6344956646929848,1.049127377141705,-0.3883213290256513,-0.9834898904677492
-0.047725187098564055,-1.0792188436900734,0.7220849851448697,0.09878353638819015
1.483214687387644,0.9701942540598154,-0.7785138929263666,0.39021448081758736
0.8550286750570961,-1.0122036728260893,0.5041992719255004,0.41353009510767985
0.7810452358475422,1.4079882769263785,-1.1237357117252555,-1.3332241048191358
1.0920024496899974,1.264871132369396,-1.2604930306155606,-1.3092632069426673
1.0253535755744938,-1.0539588880646404,1.0566186793075618,0.6546478987287457
0.8476232445998181,0.8488108431349163,-0.5138492066225383,0.7976019367723345
0.2701059669769627,-0.17203211923866163,0.9950467888925735,0.5129227463386233
-0.36590003818574446,-0.08363753224096379,-0.6593090545808505,0.03435007239562697
1.304456808646169,0.9063492923917748,-0.7722023710506813,0.15952559868810132
-0.571739115484625,-0.10432018047118401,1.4428884250497762,0.8650910083356791
-1.3905175222156478,0.13212317597707968,-0.29378210244832426,0.08284123601889619
1.3034292608793696,-0.9476636385535906,0.5507755391978933,1.3411916767749843
0.050816643737494775,0.34645983300550137,-1.4302361134693016,-1.5602120957914642
-0.48173656091748496,0.18508431783872556,-1.1618121557417074,-1.0669497307939044
1.3763497196405106,1.5591919978815711,-1.2721486148093446,-1.4504189914624575
0.7439472181979238,0.8249579857087525,-0.47378486356275934,0.7509754529244024
1.3119331044666747,-0.39935307157816996,-0.2770058930247418,0.7000502416554641
-1.3066483648358516,0.1496525680017089,-0.2566754214645964,0.15952559868810132
-0.9167471363579143,-0.12362963648284046,-0.4589804288565442,0.182836468245941
-1.2210075733753667,0.38785903544664707,-0.4668767416265621,-1.3129640980998247
0.9844288283105882,0.7316487268078243,-0.30286009796368046,-0.11843030614344036
0.7412543343952771,0.24577602330117512,0.13707140457268174,0.695144188506104
-0.9921124501504054,1.703716240637823,0.37925878048857675,-2.0148523402515086
-1.0842374223462101,-1.908864285567547,1.9250518407499395,0.43500475328369903
0.0191717157882358,-0.2800803079521745,-0.5247054849437445,1.0239968362130671
-0.8724208516590866,-1.4440471960788763,0.7805011146220155,0.3687398226415682
-1.130406206488954,0.3408483931987777,-0.4443763964872578,-1.1577639061118468
0.41693899958443026,0.27769850413519537,-0.009360509893491338,0.3951205339669475
0.6746054602797736,-1.483344227716295,1.6086695306676855,0.3552410593824487
-0.6176244381744586,0.03845790427874617,-0.4406263389640404,-0.09508622345983125
0.13193622502406235,-0.1362426613052043,-0.9001143454144787,0.5380769443766626
-0.7914217414900058,0.2580499883164862,-0.6107517986905416,-0.5607816940688204
0.21146487890617155,0.092131071735203,0.24918153949589478,0.4871541054738509
0.17129130449247792,-0.4207528313003069,1.3252499497974959,0.24726044277399864
0.011606838263695655,0.6130625592911108,0.0786552750955361,0.3442000674302621
-0.1897050053053933,0.31031605757367386,-1.3771410115588831,-1.449802176269598
-0.4983403155216981,-0.3172655055813646,-0.38674344855673,0.717842987603337
-0.35241790283170454,-0.3404185435657715,-0.38121741170279966,1.0626284462150886
-1.527925461513852,-2.494708773183712,3.281384070983887,-0.039857540037634226
1.5337771240504956,-0.034524719189367024,-0.34292697484611023,1.2761413975895612
1.2321741381540758,-0.8817165060818227,0.3985849368889417,1.0835052681272592
0.038801421402264995,1.2346948095416974,-0.5404958070086432,-0.32027121617610876
1.5351589986334326,0.860389735545769,-0.7909526586667682,0.40187228796263363
0.3496523371998789,1.1662894934687968,-0.8452455676484846,0.25830617945843803
-0.202098294353442,-0.45407901973552567,1.455903059574456,0.872454832791972
0.3027394667432459,-0.0015341999631304992,-1.0937214306886938,0.5988171087836728
-1.2341885309356895,-0.022589813981108785,-0.16114800405344856,0.35278803280776866
1.2859609488437804,0.593770056269807,-0.7506879132700607,0.6798044691329114
1.2953506094714298,-0.7978670157976675,0.1459628186019319,0.8877945521651647
-1.0813673751354949,0.3313716715916522,-0.4078617086137675,-0.039240724844774706
-0.9899156238903515,-2.0112942532781957,1.621315609170427,-0.32088803136896826
1.6177880121567467,-1.1665606499868724,0.4757743887335454,0.45525052580625186
-0.05017004212991427,-0.4761806332582619,1.5321020171101019,0.8963825175426712
0.9657912377817447,0.6513085055266656,-0.3737172966563649,0.42518790225272607
-0.047725187098564055,-1.0792188436900734,0.7220849851448697,0.09878353638819015
-0.7495048791409146,-1.7646791026183477,1.7679548363989401,1.1552930671116097
1.1756235782984972,-0.8129551772115168,0.18860014338986428,0.49328904427667736
-0.17333900399480856,-0.35339860062927,-0.3571368826194369,1.1467051017341032
0.9371616310378176,0.20368174825557117,-0.14476568887831212,0.7736742520216352
1.4783249773249436,-0.7750652437733675,0.32220170134232684,1.1368835059708775
-1.3000224533740763,-0.34813639242381067,-0.10627922628745447,0.5896142261062076
-0.6347029907122962,1.2862658061944268,0.23121443342642561,-1.9320093151182134
1.1862179501010148,1.396070324708473,-1.2630729227691253,-1.597031218072929
-0.5042504868148752,-0.3084953846121371,1.101835896249059,-0.13560623689845341
-1.1561303333405517,0.009688679650316882,-0.42858607442235896,-0.4343820268551325
0.47745801978075125,0.9656338996549553,-0.5564819244601965,-0.6024878905706342
-0.32966657796750215,0.07248255591649372,-1.017729785915388,0.07301964025567045
1.6931178932676243,1.545510934666991,-1.3337205052243328,-1.3780143772852476
0.48454455610350544,0.7555015842339883,-0.3393743251421433,0.5914547077470557
-0.817712791247424,-1.7899390582437809,1.437958988256358,0.2515544254627519
1.8695726477042043,-0.3990038399769055,-0.2434511707024397,1.2209601614898922
0.13075631672632376,0.9543940670511553,-0.1812803767518024,0.12884615994171592
0.7767933140538896,1.4907866818086704,-1.0931225271530447,-1.3663423359434428
-0.44318934658986336,1.2978446986052796,-1.203274708209713,-2.9922197369987904
-1.0665919469025522,0.20332573545816574,-0.52273140675124,-0.8724631557530234
-0.41769198890059367,-1.077455732693399,0.18129812720522112,0.8043536907680205
-0.8087837554807535,-1.8559031437059013,1.7458414750826705,0.5098529045710837
-1.880232614799578,-1.170425931787274,2.0657941716274477,0.31597839999080957
-1.1162331338434455,-0.3404185435657715,-0.18897859066002878,0.5969766271428247
0.8935085672896516,0.9080954503980966,-0.4252299111475877,-0.4963482300762574
0.3188613368775118,-1.1335870837509885,1.6080936618834076,-0.3257751055893173
1.3381887215424788,-0.7452449337430744,0.039381024007786376,0.9074282542271106
1.4780060831904198,-0.8339938382391425,0.2856916204191107,1.1430042105769458
1.5839498012155953,0.08475652093180475,-0.3715451196020688,1.3387244160035459
-1.5126894084199305,0.0875707173303429,-0.17417415595381366,0.05214281834349976
0.0707794165586934,-0.331648422596544,-0.37430928976660255,0.6791923986723045
-0.698517250298698,0.0019750690398659134,1.315183763448319,0.9908691156242546
0.24069684123753274,-0.9581914455625797,0.9537915491869079,0.26628207437533774
0.12034973813635919,0.15877327681142903,0.6695887867701005,0.8534332011906327
1.0436014066055859,0.5923629580705378,-0.9121384856302003,0.14111603754736896
1.018975692884015,-1.1062249573218281,0.5862951258121515,0.45525052580625186
1.3212164670494828,-0.8778512242814209,0.26417716263849006,0.6712165037554048
-1.4327887113808764,-0.24605226571635636,0.209308384872496,0.3509470766936954
0.9706100824812175,0.6523595909285292,-0.5045731122453906,0.2773230663275244
-1.0276868624906317,0.2868192129449154,-0.6573280659629346,-0.8055624309890218
-0.8953812293448102,-0.5807161623707078,-0.05022415882584798,0.7791971203638549
1.1760842031594763,1.3802870906901656,-1.2263555290835693,-1.2049739920268692
-1.1098906838345806,-2.095838816166809,1.768346427172249,-0.25398730660496677
-0.950372751209383,-0.5365197165213764,0.3597022765745009,0.7405465314328226
0.576563230254469,-0.16396419112984045,0.7173398263624202,1.1534426215330311
-0.18138009676023778,-0.4189981967988086,1.4476105490808546,0.7828790325920014
0.029720025104655445,1.4350113435484861,-0.6865591654528785,-1.407431717252397
-0.4388346700195309,-0.6421029404376156,0.22234605414854663,1.1049989052322895
-0.955935682222745,-1.5159617811547734,1.3951143507060855,0.8589560695328524
0.7564903874891987,0.27244307712587706,-0.1554238683377267,0.9528305971538291
-0.814771878673481,-1.469307151704309,0.8341951200680829,0.30677361942044334
-0.3592776699921306,0.16192653301701995,-0.7108147586466619,-0.5859287750084807
0.8780953507876611,0.9323043206216659,-0.5560880302117505,0.14847986200366192
0.15052775306680802,0.5821911638589542,0.1400428874995555,0.4761083687894115
1.3834716886448786,1.3157301034273143,-1.2433321408440807,-0.9325789133955694
-0.41438257643786747,1.1550666138553496,0.1806992236695721,-1.612973518442223
-0.8571139332019374,-1.5065020125380002,0.9447158571466888,0.5067878075357969
-0.1214039052462397,-0.286044369958233,-0.4400343458538028,1.0282955636340732
0.9104099564194205,-0.7634863513625145,0.20299686299681066,0.7117080488005104
-1.553472424957381,0.3664474086312634,-0.3855594623362547,-0.4356156572408517
-0.7704101612930395,-1.1339430965483939,1.0996475948688031,0.7564983212666221
0.5497052575912305,-0.010654908772850547,0.3916975462289785,0.7712212254469551
1.481088726490818,-0.8957366291034558,0.26733292357633276,0.8301223316327931
-0.4702918047562369,0.004077239843593211,-0.8776093933249,0.050909187957780606
0.4818516723008589,-1.4724604079099002,1.6009759237097332,0.31106760210919665
1.0386053984980441,-0.12924107628956413,0.16194893605348515,1.557788704113755
1.340633576573829,-0.0727537124345692,-0.4424023182947533,1.0203196687171736
-2.040282037648982,-1.1963809600171653,2.049209150640245,0.03743414835992489
-0.513523219593199,-1.4531679048885966,1.0106413155708178,0.8270524898652535
1.025814200435473,1.3378368028471563,-1.211152593178634,-1.1939187658779242
-0.38207505734243097,-0.33936627145458315,-0.4043097499523417,0.8061946468820939
-0.16094631730234726,0.2798006749389227,-1.3461592709647345,-1.524626603895719
1.254603025615593,-0.24605226571635636,-0.01726142961378352,1.3356877873617758
1.1063172530619607,-0.8487429398459388,0.31609749222898154,0.6840984518216646
0.8878039055498345,0.6292018061068236,-0.26753169978580255,0.019641402412052207
0.7164868899472512,-0.49266741637620376,0.8991300841832538,0.4945179299301438
0.5501304497705959,-0.36672873694355046,0.860040111106473,1.0786181939069102
0.4170098649476578,0.3966237314589618,-1.4602503945058634,-0.6951525114671555
1.2408905778310635,0.3408483931987777,-0.16845232371322888,0.7276598386343098
0.715423909498838,0.7975958592795922,-0.5136534112358838,0.13682205485861568
1.5391274589741748,0.05458019810410637,-0.39167749230042265,1.3049893696863792
1.0513965965606156,0.7379552392190063,-0.7804948815442824,0.3963494196204139
-1.7586985168643432,0.2573549157120279,-0.20141274945015625,0.014137512998843547
1.785845221050863,1.4336042453492175,-1.3475413560470015,-1.3399616246180635
0.14480183171802263,1.2515291289618686,-0.5116793330433793,-0.47485459297122706
-0.8217875496330076,-1.952009646015015,1.4602566275835964,0.10430640473040984
1.6377366119053,0.232094960086595,-0.6235821552042523,1.0988307533036938
-0.8097758705659392,0.14263402999571617,-0.497469194922539,-0.5484928375341566
0.46445422562849725,-1.4145828988459888,1.5463144587060793,0.1417328527402286
-1.1953897445686104,-2.0312987818943102,1.6074947583477586,-0.37853652824007594
1.2054578962172924,-0.7711999619729656,0.11221690784324952,0.6184503363723933
1.211552317454861,0.7614520838477647,-0.8912229313852285,0.1012365629628702
-1.1858583532145057,0.3366270986009704,-0.3745073886283941,0.014137512998843547
-0.8438621102783871,1.6577736367821698,0.2553087833606111,-0.9865739664320471
-1.5825626565622872,-2.612226902308209,3.740881291334874,-1.00740334102169
-1.1261188520136878,1.6177815325402929,0.15483119787981087,-1.3123472829069653
0.19672488335484276,0.07107545771722468,0.8053786461028188,0.9614185625313357
-0.9976753811637674,-1.143758877962572,1.2003094583605725,0.5393044066104533
-0.02613959745945469,-0.34813639242381067,-0.33838751639340475,0.7344068478977432
-0.47558899065749566,0.22822967828619323,-1.1781898639665696,-0.9951619318095538
-0.6096875174929738,-0.5736976243647149,0.330494211835928,0.7798091908244617
-0.3864757963988613,-1.3921371396190942,0.7710338318084876,1.0927100486976256
-1.2367396840118812,-0.3344549901494235,-0.1729901697333384,0.5417583821315839
1.2574376401446945,1.3964093845155263,-1.2378038005150132,-1.3644918903648642
-1.625755095449474,0.31874169377893574,-0.4814807739958486,-1.4154503147595718
0.021205551712866248,0.29383775095090825,-1.269591757407151,-0.37668608266149717
-1.0111398001770004,-0.4568864349379228,0.36327266303702355,0.9295149828637367
-0.8612241242691349,1.6774051996105264,-0.42424402378890397,-3.16706312051322
1.1315807550525798,0.910197621201824,-0.8537223561530546,0.02514529182526087
-1.3720216624132593,0.49976572476442066,-0.5081273743819535,-1.7412236312344895
0.3919589590467216,1.0175439561147375,-0.2641755365110312,-0.4736684099080356
0.1388420546705863,-0.3225275781629011,1.1902432720113953,0.31597839999080957
-1.2683810686929786,-1.7867858020381902,2.0738793693587088,1.0289076340946801
-0.047711014025918555,-1.0792188436900734,0.7220849851448697,0.09878353638819015
-0.9531365003752572,1.8019418667410165,0.3470792328231302,-1.1049550361385605
0.098023605451522,-0.26183889033273433,0.17556247411381362,0.7976019367723345
-0.9657505350297596,-1.1279756439442647,1.131435551760941,0.6209033629470735
0.8462768026984947,1.2034674013121356,-1.1973547771073367,-1.015421938528865
0.6998689622703924,0.7681315620467046,-0.5170072710355181,0.2398966183177057
1.0568177968475225,0.17631962182641095,-0.09442784670701623,0.8270524898652535
1.0878213932595722,1.2631080213727213,-1.1675478088331148,-0.02329842447548069
-0.7399380551051964,-1.3994947374321396,0.7418257670699147,0.6485129599259192
1.169139397563177,0.1475503971979816,-0.17871430544906028,0.73011286520899
1.3015867614354533,-0.2404391306105974,-0.07924794555345194,1.4350899280572245
0.5769529897522205,-1.4784278605140293,1.6185514390058933,0.28223386420913726
-0.26287242985738224,1.0641985855652016,-1.0528808165077082,-0.6313358626674519
-0.14093829694672785,0.09843758414638488,-1.00826250310186,0.2730290836387711
-0.0797775908863814,0.030032268073484313,-1.1031887135022216,0.25216649592335877
0.9949169020682644,-0.021538728579245138,0.15642059572441772,0.8589560695328524
-0.9468294830480058,-1.8678210959238066,1.7419025325982103,0.43316379716962583
0.19640598922031885,1.220318673722659,-0.47398065894941377,-0.24478252603460066
0.37661660790795864,-1.2711097414916004,1.6629624396494016,-0.2491002323846177
-0.0516830176348223,-0.4923164894759042,-0.07885635478014298,0.9884160890495747
-1.3617461847452657,-2.658881531758673,3.7985142392654017,-0.39632927418794883
0.31223542541573657,-0.2839388085564352,-0.7637255825461112,1.1969992636134237
1.2233868331138604,1.4135997167331025,-1.2737380126539515,-1.5510073152210984
-0.7919886643958262,-2.1491729238162125,2.0227652560662057,0.09142920139640276
-1.0315135921049188,1.8163349555504078,-0.16154420177703174,-3.067091611947439
-0.7039384505856049,-1.42229650945644,0.9950467888925735,0.9822764055144952
0.9418033123292217,-0.8557445248615789,0.11260849861655847,0.39021448081758736
0.10398338249895833,0.18964467224358558,0.3407677109474449,0.5356229688555321
1.28971681309484,-1.1388425107603066,0.4404390801302562,0.3343832163992891
-0.7217965221189456,-0.14361721210860245,-0.49509891900645137,0.16995452017968113
-0.5679832512335652,-0.016622361376979686,1.2616970707645918,0.9006765002314244
0.15298678117080375,0.994386171293032,-0.9638515024583517,-0.3503053713361179
0.2810900982772318,0.5022069553752008,-1.5486577702681998,-2.2191605110556156
1.2753311443596491,0.2836659567393245,-0.16391217421798226,0.7552694356131556
-0.3040310328199387,-0.3274388255620801,-0.3462822167308267,0.3558578745753083
0.6833573326383752,1.3371247772523456,-1.0303758644181296,-0.7712105694789955
1.311543344968923,-0.9087226197135775,0.5081382144099609,1.0841220833201188
0.3894786713337576,-0.17203211923866163,-0.784848449553423,0.8785897715947985
0.8989297675765586,0.6614802997382493,-0.8448309421238044,0.25216649592335877
-0.2401742540156004,-0.43969610272034626,-0.30878187184616646,1.135649875585158
0.4969459946683254,0.994386171293032,-0.3859533565847008,-0.838111294242997
-1.4739969200976921,-2.6427422849429605,3.7183763392452955,-0.6742756895549848
-0.6978085966664226,-0.3120034669058088,1.2510319808797659,0.32763146240360297
0.6480309490694455,1.208383768514401,-1.0777353132371403,-0.048445505415140803
0.7851908595963533,0.20753007706562032,-0.25253146969293294,0.845457306273733
-0.5543062361306496,-1.5531566419884646,1.054269134667708,0.7429995580075026
0.06954990250669554,1.4371135143522136,-0.6541723050250919,-1.2896674627387432
0.2657123144568551,1.167696591668066,-0.830226909754518,0.21596893356700642
0.03383730270817567,-0.3765512995538698,-0.2888480587046316,0.7798091908244617
0.04410215057168514,1.5023655742195234,-0.6508322660762804,-1.4853876681653437
-1.1025915514221436,1.3946632265092043,-0.6376103187892608,-2.0277580119790324
-2.1063639888586656,1.0631475001633381,-0.26693970667556494,-1.8197489500177682
0.9322010556118897,1.1564737120546187,-0.9991868110616408,0.10921245787976995
0.8964849125452085,0.8968725707846493,-0.6109591114528817,0.7202960141780169
1.545788803117564,-0.18781874385503955,0.04608413665678059,1.131379616557669
1.2645950418306762,-0.2846406623570345,-0.1258196058755707,1.1289123557862304
-0.6085891043629469,1.520606991838963,0.11378327093648533,-1.4835372225867645
0.04840367811959697,-0.15449255541982077,-0.8406846868770039,0.6141558792104148
-0.8632792198027335,0.1647407294155581,-0.8627980481932735,-0.5576976181045225
1.3677041453267502,-1.1518285013704286,0.46036414006627,0.2938869266219307
0.4032619844815146,0.7144583945902478,-0.2091086598832455,0.7951489101976544
-0.443185803321702,1.2978446986052796,-1.203274708209713,-2.9922197369987904
-1.0404426278715893,-0.39198699726994807,0.01116345357817143,1.0988307533036938
1.242981106046276,-0.14817756651346253,-0.1560158614479643,1.0430327020111647
-1.0732178583643275,-1.3054904059267534,1.0538775438943992,0.5902277199864903
-0.8886490198381937,-0.11589907288203681,-0.288256065594394,0.05029237276492098
1.5665523545432338,-0.05276613680880719,-0.3310847654001928,1.3461261983178607
1.1738165115361947,1.3339715210467546,-1.231100687866019,-1.1080391121028585
0.990204355413633,-1.080269929091937,0.544855608095517,0.496358886044217
-2.021254687622387,0.799342017285914,-0.37687536106934466,-2.687275795113515
0.8834102530297269,-1.1027156883188318,1.0295989159492447,0.8393223674709065
-1.841433828432499,-1.3714375383985211,2.2921797081027577,0.05831097027209559
-0.20758327346725378,1.1690867368769826,-0.11318734822365165,-1.437513319734934
-0.8228505300814208,1.0129836017098774,-0.7143851451091845,-0.30432891580681476
0.16504806599213143,-0.9676512141793525,0.7384626933697321,0.42764092882740606
-0.8753617642330296,-1.4630006392931274,1.7458414750826705,0.6153828669709801
0.6376137406749967,-1.0844742706993917,0.5110866625854635,0.2773230663275244
-0.6045852113405907,-0.6150968268058608,-0.45207230692034706,0.4681324738725117
0.8689537189313082,1.5121813556337016,-1.101230759635677,-1.387835973048473
-0.2093336479389741,-0.5189733715063946,-0.550165795634237,0.8423922092384462
1.0688649085962048,1.3206464706295797,-1.1957653792627299,-1.0632488396367468
0.17734674978027137,0.6660406541431093,0.20419467006810868,0.5994310771371807
0.3056095139539614,-0.14887263911792073,0.971965968018717,0.3718096644091078
-2.552071690878292,0.8607287953528218,-0.1747661490640513,-3.032692303114885
-0.692458261742743,-0.6999974024918796,0.03878212047213737,0.9920932565454682
0.09698188461207716,0.49871463936255706,-1.436363357334018,-2.120375185553026
0.07721044827159285,0.49835862656515156,-1.5318884712700287,-2.32838424751429
1.6186029638338635,1.0666567691663345,-0.9358182100397056,0.07728989928315987
-1.4066393923499134,-2.4543606561444298,3.1611887383294133,0.2110628804176463
1.7049169762450098,-0.3004272869734124,-0.30305819682547197,1.110502794645498
1.2284891392662436,-0.009603823370986898,-0.336413668548414,1.152208991147312
-0.2920618729708068,0.3738219594346616,0.38635348391088,0.39144336647105377
0.6163541317067339,0.6923516951704058,-0.20891286449659105,0.9712354135623085
1.38170005456419,-0.24535041191575713,-0.0020584937088481644,1.5264734712454993
0.8894692415856817,1.1950587180972263,-0.9995784018349498,0.07548690102710875
1.5822490324981344,-0.27692366114851297,-0.2831239229889097,0.7276598386343098
1.6138195518160046,1.1336549870399657,-1.0076635995662109,-0.039857540037634226
0.48107215330535597,-1.4216014368519818,1.5236021938541604,0.36935189310217503
0.7893719160267783,1.5097231720325686,-1.0911645732865,-1.4669781070246113
-0.1700752996913641,1.3287160940374363,-0.2955580817790372,-0.19757244011957822
-1.2757510664686431,-0.2523672546227146,0.2730685766677402,0.53746345049638
1.2952797441082022,1.5283206024494143,-1.2277376141658363,-1.4154503147595718
0.2000201227449235,1.3318693502430272,-0.6462944200561709,-0.279134387544627
0.3494397411101962,0.2875142855493737,-1.2652381893980102,-0.18960128993493128
-0.8999166125913729,1.5107742574344323,0.27799801346115866,-1.7270843291212468
0.001813245065649323,-0.4312772477112255,1.3700525412143132,0.7411586018934294
-0.8143112538125019,-1.441249952670691,0.9688102070808744,0.8288934459793267
1.1896194875359367,-0.2846406623570345,0.13274087131491233,1.5436494020005123
-0.8228505300814208,1.0129836017098774,-0.7143851451091845,-0.30432891580681476
-0.4603564808317355,-0.1874678169547399,-0.709041082791086,0.47672518398227104
0.7980174903405385,-1.036056530252253,0.6344607909291513,0.6485129599259192
-0.7662999702258421,-1.5303548699641643,1.0027403958505254,0.6472888190047056
1.3319525695784553,-0.13203831969774968,-0.1647022661900115,1.0239968362130671
-0.059772298847246226,0.5043260791692807,-1.5170771261384022,-2.389116820349696
0.026740136580937286,0.33628803879391767,-1.4405096125808186,-1.4921251879642714
0.5215362757082825,1.0603502567551524,-0.336413668548414,-0.5037025650680448
1.6224651261297647,-0.4137359885933493,-0.2148327955989674,1.0927100486976256
1.1348405617610466,0.40538842747127635,-0.20220053794704834,0.7282719090949167
-1.0361552733963229,1.8342203603724423,-0.11970157591140275,-3.057886831377073
-0.6026364138518334,-0.6105364724010007,0.2489972614849258,0.8129416561455272
0.5592012162637212,-0.11310182947385129,0.6403807220315277,0.9970040544270811
-0.6737143731690582,-0.6396617098268355,0.5963613121613284,0.8295055164399334
1.1027385522189699,1.3332764484422963,-1.2476857088532212,-1.0755376961714107
-1.4270840496410595,-1.7450475397899912,2.5236789593824565,-0.04047435523049385
-0.14694555378752658,0.7176116507958388,0.07964576940449401,0.22578578459797938
0.7503959662516301,1.3297671794393,-1.0623480993212362,-0.8534367794194313
-1.724045354246075,-2.517154532410607,3.2752798618705423,-0.22945704085816626
-1.0728635315481898,-0.6129946560021334,0.015102396062631938,0.7233658559455566
-0.3325507982508631,-1.061316485877686,0.12739680899681383,0.9246041849821237
0.22492929791940458,-0.2155317971844994,1.0485334815763008,0.29143390004725067
-0.3003885531500431,-0.5014439794817652,1.5236021938541604,0.8031248051145542
-1.0345962354053169,-0.3653250293423519,-0.0075868340379155845,0.3503350062330886
1.0752427912866835,0.21244644426788578,-0.2787818723554547,0.4896071320485309
0.41491933673244524,0.2331460454884587,0.331300428133917,0.6092474536949283
-0.5290427341400308,-1.406869288235538,0.9417674089711863,0.9473077288116094
0.5233787751521987,-0.24535041191575713,0.73945318767869,1.0841220833201188
-0.9071094469589686,-1.52859175896749,1.1936063457115782,0.4080072267654601
1.6533978571785868,1.1459459050456293,-0.9970215444327561,-0.14784764611058987
0.254125827569152,1.097528164598491,-0.8047735094894368,0.13927982616554851
-0.852082492412782,-1.7962625236453151,1.7778137099857771,1.0141799851820943
-1.8213789306391044,-1.2840787791113697,2.195664099857789,0.40923611241892655
-1.5793382825354336,0.6649895687412457,-0.20496470811158204,-1.7749586775516564
0.09806966793761994,-0.030659437388965222,-1.0672775361146545,0.4988119126188971
1.3296140125919464,1.2799423407928923,-1.4663546036192086,-1.9166838299417788
-1.0825012209471354,-0.3418214035174524,-0.036219029992210536,1.0620590783447568
0.3146094150838592,-0.14431228471306068,-0.8708832459245347,0.7577224621878357
-0.5609675802740385,1.4946350106187196,0.15128384616865925,-2.113020850561239
1.2782011915703644,1.4395716979533464,-1.2920736747453583,-1.6896958389694505
-1.2532513136438985,-0.414086915493649,0.21898298044836403,0.93626199212717
-0.6765135550165461,-1.7545073084067644,1.7071661275305698,1.0276787484412138
1.2870239292921934,1.403427922521519,-1.2368133062060553,-1.416636497822763
1.503517613952335,1.0824400031846417,-0.9208225868971104,-0.13925968073308329
-0.35558558456797573,0.9182672446096805,-0.22371499572766904,-0.12208374997807013
0.45400158455243483,0.4902890031572953,0.14990176108639244,0.8650910083356791
0.7238568877229156,-0.12747796529288963,0.573073178525132,0.6276551169427596
0.3002946117118957,0.4467876299124221,0.19728424465677435,0.6748936712512985
-0.3444242898596378,0.16228254581442536,-0.7481310558678669,-0.504936195453764
-2.657554784042489,1.2515291289618686,-0.2927939116145035,-1.5859759919239842
-0.7161272930607422,-1.9990202882628842,1.5368241411411803,0.055226894307797675
-0.3382767195996485,0.1584172640140236,-1.1703119789976486,-0.9031141261058921
0.7783523520448955,0.21315846986269663,0.12090100911015961,0.6564888548428189
-0.07041273313586169,0.08406144832734656,-0.9855732730013125,0.2834580051303509
0.17445898622874903,0.0952843279407939,0.6958253685817996,0.6705996885625453
-1.417233764152431,-0.27236330674365294,-0.17970249628288107,0.42764092882740606
0.027498395967471997,0.6986582075815878,0.05654191377926648,0.3491061205796222
-0.8831215215064455,0.3282184153860612,-0.47713872336239355,0.010436621841686002
1.2310402923424353,-0.16641898413290265,-0.15009593034558796,0.8890186930863783
-1.4688946139453094,0.22261823847946952,-0.4907568683729963,-1.0454560936888742
-0.7323200285582356,-0.3898814358681502,0.042145194172320086,1.4743288637876
-1.429776933443706,-2.441730678331713,3.098419040843127,0.34481213789086895
0.6529206591321458,0.2755963333314681,-0.19845048042383095,0.7669272427582019
0.43086404345864227,0.38924918065556363,-1.3767494207855742,-0.5675192138677483
0.45304490214886295,0.30050027615949554,-1.2553793158111735,-0.2484834171917581
-0.6563523591783104,1.7956353543298342,-0.17180618351286311,-3.013713374103821
-0.5649714732963947,-0.011010921570255974,-0.6437145279026061,-0.0871150732751843
0.09892005229635042,1.5697198048905598,-0.6494501809940135,-1.3644918903648642
1.4712030083205756,1.4016817645151969,-1.3027387646301842,-1.5313641236946467
0.23127174792826963,1.142436636042633,-0.5527318669369792,-0.291423244079291
-1.5608069900514314,-2.5073387509964284,2.6772516467736747,-1.0037498971870602
0.6195076403703595,-1.3138990891416626,1.4584829517280207,0.16320751091624777
-1.0650329089115462,-0.4354866752157858,0.2872810182637177,1.1350330603922987
-0.9938486515494802,1.7745797403118562,-0.16884621796167493,-3.030272489665974
-0.622974773098138,0.1293089795785415,-0.5247054849437445,-0.39632927418794883
0.6183737945587189,0.9400179312321169,-0.6370114152536119,-0.9988153756441837
-1.481792110052722,-1.7664422136150224,2.516768533971122,0.11473532622198965
1.2448590381718059,-0.26710109853819364,0.18878442140083326,1.59399101120236
0.16949486753465973,0.6688548505416474,0.10116022718511473,0.41353009510767985
0.24820856973965225,0.32189494998452667,-1.4691187737837423,-1.373079855742371
1.1051479745687065,-0.07941623764315656,-0.09562565377831414,1.2325847555091691
-0.8997394491833042,-0.10749038966712762,-0.47891470269310643,-0.03188638985298727
-0.9321249201782909,-0.05381722221067085,-0.3206240375260563,-0.228223410472447
0.7246009740368048,0.8358248525247943,-0.3377952929356534,0.7810380764779281
-0.26893141841333706,1.2101299265207226,-0.45246850464393024,-0.41843972648583855
0.04840367811959697,0.0037212270461877816,-1.0885846811329352,0.4141421655682867
-0.4402059147979838,0.2527945613071679,-1.1339861760854013,-1.119711153444663
-0.08966330905662355,1.2757379991854378,-0.35279552302852296,-0.31410306424751283
-1.0820405960861565,-0.39023236276844986,-0.11575341952639376,0.7718332959075619
1.217469575284361,-0.029964364784507,0.037791626163179465,1.027066677980607
-0.7199894553566432,-1.5521055565866009,1.1786107225689828,0.5073998779964037
-0.7689928540284887,0.2370113272888605,-0.8568781170908972,-0.47485459297122706
0.6554009468451097,1.484124156600083,-1.1438680844236093,-1.6939660979969395
-0.7538630989794084,0.2335020582858641,-0.8539296689153946,-0.48652663431303156
1.4141209582407905,0.0994886695482485,-0.09346038714942938,1.0276787484412138
0.27070832256439686,0.35942887062527057,-1.4006364579574198,-1.2884338323530244
0.5492092000486377,0.7172556379984335,-0.24364926956423127,0.8380982265496928
0.8369934401156867,1.2697705465813087,-1.0919477548331178,0.06931874909851292
-2.2453309661478755,1.2315415533361065,-0.3942435636031648,-2.2989194602246132
-0.16964975318518272,-0.4975786976813635,-0.547599724331495,0.8761367450201183
-0.8655823441076288,0.2236693238813332,-0.6437145279026061,-0.6570997587999717
-1.170338838667674,-1.4479124778792782,2.0841528684702255,0.36812775218096133
-0.48164089267712773,0.01986047386190058,-0.8758357174693242,-0.036820911395863964
0.5818072671333072,0.9652778868575498,-0.44102023321248646,-0.3079823596414446
1.0625224585873398,-1.0781677582882097,0.48503435878473333,0.6411491354696263
-0.6593995697970947,0.23875748529518237,-0.6518227603852383,-0.37853652824007594
0.6862982452123181,1.2627520085753157,-1.1041792078111794,-1.022776273520652
-0.609970978945884,-0.054512294815129064,1.2832115285452124,0.769380269332882
-0.15366217291423304,-0.5021390520862234,-0.007978424811224483,0.9350378512059563
0.9292247103563328,-0.7620792531632454,0.18286449029845692,0.71477789056805
0.31110157960409596,-1.0736074038833499,1.5324936078834106,-0.255220936990686
-0.6637577896355885,-0.6842141684735722,-0.3549670090402779,0.47672518398227104
1.0727979362553335,1.1290946326351057,-1.0295696481201404,0.28713991735849737
0.7461794771395913,-1.071149220282217,1.0477503000296828,0.6049525220597245
-0.4329244987263539,0.10581213494978307,-1.0327484438093544,-0.03126957466012764
-1.35426988892476,-1.55139353099179,2.3045954390917887,0.2969567683894704
0.9712833034318791,1.1490991612512205,-0.99978571459729,0.19695204669792002
-0.7370325752128672,-0.18676596315414062,1.549262906881582,0.8565030429581725
1.2120483749974538,-0.8382151328369497,0.2525446131960774,0.6638526792991118
-0.39281115987140364,-1.1048178591225593,1.5916929189071742,-0.7178323316353774
-0.14831715289279568,0.8175834349053541,-0.08436166035783929,0.12516424771356946
0.09934878774387707,-0.9634468725718981,0.040555796327713174,1.3154277806424644
-1.6681325826595441,-2.5385661592259905,3.610596737579852,-0.7613889737157696
1.6030125839238043,0.8975676433891074,-1.0876172215753486,0.01717414164061381
-0.7269342609529423,-1.4440471960788763,1.0055045660150594,0.717842987603337
-1.0343836393156343,-1.8565982163103596,1.7103218884684126,0.15523161599934804
0.1432427937270167,1.4125486313312388,-0.6745119904857858,-1.3338409200119956
0.15596666969452191,0.247522181307497,-1.3672821379720463,-1.1859476156932773
1.389282648429537,-0.844877658045537,0.36976846292367777,1.172468997866623
1.0813017798426385,1.403427922521519,-1.3159607119172039,-1.7939850538852482
0.9798934450640255,0.98807965888185,-0.41812599382473603,-0.6374565672735202
-1.6095269272703667,0.17175926742155093,-0.13055555075747174,0.2576893642655784
1.7157948095004378,0.5692221262391849,-0.9968142316704163,0.31781935610488277
0.7618407224128781,1.0336832029304506,-1.1892465446247045,-0.052146396572298345
1.3285510321435332,-0.7996301267943422,0.1323492805416034,0.8877945521651647
1.1991154462084275,1.3974604699173898,-1.2192608256612663,-1.4356628741563553
1.2304025040733872,1.4711381659899612,-1.1890622666137356,-1.478602701043888
0.3991517934143171,0.05108788209146264,-1.0493104300451856,0.5123106758780165
0.1902761353011364,0.9957932694923011,-0.3960195429338777,-0.6945356962742959
-1.2344719923885996,-0.43794316351788337,0.2922104550571361,0.9749173257904551
0.5910197643528876,-0.6698210796641811,0.2580729535251448,0.5386904382569453
1.782443683615941,-0.06153083282112181,-0.3214136688030581,1.4829168291651067
1.307574884628181,0.9095025485973658,-0.9014964304967454,-0.006122493720467531
-0.3778656547667149,-0.03171052279082887,-0.8262879672700575,0.20247017030788697
0.36301045816827054,0.2910235545523701,0.4309717973167282,0.8000597080792673
-0.8158702918035078,-1.3921371396190942,0.9705838829364501,0.6607828375315722
-1.3642264724582294,-2.525936181413274,2.676053839702377,-0.7227194058557264
1.005050649009803,0.8765289823614819,-0.6364125117179629,0.6736695303300849
1.5846584548478708,0.9652778868575498,-0.8706989679135657,0.16320751091624777
-2.344755070756117,1.0203581525132757,-0.18897859066002878,-0.981022629696311
0.022909863698488634,-0.16045661742587933,0.5959697213880195,0.07055237948423206
-0.8160120225299629,-1.864667839718216,1.797761804673162,0.518445614680843
-1.5672911707867516,0.35908981081821784,-0.4135858443294894,-1.2804626821683773
0.27177130301281005,0.33593202599651223,-1.443066469983012,-1.3332241048191358
-1.7539151048464843,-2.5767951524711927,3.6559982325323186,-0.9595764399138083
-0.3509049273267965,-0.3660268831429512,-0.43608618946879374,0.7669272427582019
-0.8718184960716524,-1.9344802539903854,1.899206849711549,0.5067878075357969
1.14454911652322,-0.9932671826021909,0.6508384991540136,1.1172403144444258
-0.7072691226572995,-1.1879553238119034,1.2072198837719066,0.6509659865005992
-1.2295114169626717,-2.398585317884246,2.4228328178797174,-0.4570618470233543
-0.8099176012923943,-1.4907018255293403,0.9285454616841666,0.5951361455019768
1.0349558322918258,0.22999278928286768,-0.12147755524211565,0.6871682935892043
-0.7981185183150085,-1.4002067630269506,0.962475650453818,0.7699923397934888
-0.020463281864928566,-0.09519947166146396,-0.6650447076722579,0.30247963673169004
-0.972376446491535,-0.3758494457532705,-0.02357295148946884,1.2209601614898922
0.17829280237935913,0.32750638979125035,-1.4669535071548576,-1.3927230472688221
-0.547113401763054,0.04896875829738274,-0.9267425179994866,-0.03743772658872359
-0.39825361976727885,-0.8708326862754282,0.5456387896421349,1.12952917097909
-0.23743176445869454,1.2392551639465577,-1.1843171078312862,-2.6633623445595744
-0.6564232245415379,-1.1507774159685649,1.1610352072728227,0.73011286520899
-2.409526012746091,1.2501220307625995,-0.3277295672815039,-2.65107348802491
0.43263567753933085,1.1592709554628042,-0.6222000701219854,-0.08958233404662258
1.0630893814931601,1.4879724854101322,-1.1158347920049634,-1.3816678211198772
0.6303500409441736,-1.0262407488380747,0.8744598654647905,0.37733253275132755
1.7459834542353705,1.3704543562856348,-1.2082041450031316,-1.028280162933861
-1.6340817756287103,0.8835475203674745,-0.3502296820732946,-2.4768469197033407
0.013591068434066836,-0.2130770041814372,-0.6026666009592806,0.7577224621878357
-0.874511379874299,-1.912017541773138,1.8188846716804739,0.5190576851414499
1.064046063896732,0.8407412197270598,-0.5744490305296656,0.22087973144861933
-1.2197674295188847,0.0735336413183574,-0.20970065299348314,0.37733253275132755
0.4923043133769213,0.7179676635932443,-0.09661614808727205,-0.40003016534510616
1.0848804806856294,-0.10643930426526398,0.11300008938986743,1.4215674411368413
-0.30544834008448957,0.6895374987718678,-0.010558316964789299,0.01655732644775429
-1.0480960871001637,0.2770034315307372,-0.6470776016027888,-0.7834994260136596
0.9224216354864888,-1.0718442928866752,0.5497850448889354,0.18038344167126094
0.921004328221938,-0.8887180910974629,0.850780141055285,0.9601896768778693
-0.7047888349443354,-1.3840675162112377,0.9018942543477876,0.8522090602694191
-0.5777626713589661,-0.5652889411498058,0.34254138680302076,0.8816596133623381
0.05407999371412307,0.33628803879391767,-1.4199856491091556,-1.5172722689039315
-0.30913688224048314,0.20122356465443844,-1.0130076618843094,-0.7080107358721516
-2.4206873074544286,1.0340392157278557,-0.2331891889666083,-0.9601932551066678
-0.012611399619316883,-0.4849504151676823,-0.5782036950031573,0.7202960141780169
1.2724965298305473,-0.7406845793382145,0.1943127617299007,1.0577413719947395
1.1105691748556132,0.8849376655763911,-0.6312757621622045,0.668758732448472
0.06316139001173263,0.20647899166375663,0.6579332025763168,0.8749078593666519
-1.2673180882445656,-1.4836832875233477,2.1429605887206797,0.08530849679033448
0.36343565034763586,0.2573549157120279,-1.2595255710579738,-0.10860871038021452
-0.5482118148930809,-0.37690222645416943,-0.03582743921890159,0.7638574009906621
1.2448236054901922,1.5665495956946165,-1.2356385338861284,-1.4933588183499906
-0.617411842084776,-0.7322758961233053,0.7224765759181788,0.793920024544188
1.5494383693237823,1.3736076124912255,-1.3270173925753386,-1.4853876681653437
-0.8167206761622384,1.5121813556337016,0.3068144874264226,-0.8982270518855431
1.2873782561083311,-0.24429763121485815,0.05299456206811486,1.0025269227693008
-0.8032208244673916,1.690391190220648,0.14022716551052442,-1.933859760696792
2.253840079805552,0.5607964900339231,-0.9166763316503097,0.8270524898652535
1.7088854365857524,0.22822967828619323,-0.6470776016027888,1.1215580207944431
0.9854209433957739,0.8000540428807249,-0.47713872336239355,0.9804354494004222
-0.4551053574165746,-0.21342793108173685,-0.44358630451522857,0.31781935610488277
-1.786123412433402,0.26120324452207705,-0.17733222036679344,0.1184172384501361
-0.3388436425054689,-0.17238304613896124,-0.7060926346155835,0.2981856540429368
1.053061932596463,-0.21167329658023865,0.153656425559884,1.4657408984100935
0.5654373682277448,-0.4923164894759042,0.8695304286713721,0.4288650697486197
-1.3663878660366695,0.24508095069671687,-0.49687720181230133,-1.1037688530753689
1.6929407298595551,1.4627125297846992,-1.2794506309939877,-1.462660400674594
1.9394104631649471,0.721459979605888,-0.9277330123084444,0.39450846350634067
0.7732854785741262,-1.1402496089595757,1.1328176368432077,0.5693675046372043
0.9636652768849184,0.9021279977939676,-0.5777890694784772,-0.6613700178274611
-0.10972175011817935,-0.3039348606773736,-0.7185314003559851,0.8503681041553459
0.39096684396153597,1.0200021397158703,-0.34411119141409924,-0.46137955337337144
0.7444787084221303,1.1396224396440948,-1.0207012688422616,-0.052763211765157976
1.2605557161267062,-0.6954370480870194,0.23674277375549305,1.109269164259779
0.7998599897844545,0.8712566023618109,-0.46648054390297905,0.766315172297595
0.1527954446900894,0.48537263595502966,-1.4466138216941635,-2.0847896936572807
-0.9616403439625623,0.2377063998933187,-0.5345735724311298,-0.8067960613747411
0.9841453668576781,-0.2544711207254772,-0.00818573757356454,1.1350330603922987
-1.073749348588534,-1.4907018255293403,1.4061710313642202,0.9037463419989641
-0.8525785499553747,-0.2600842558312361,-0.6281200012243617,0.17670152944311449
-0.3240363248590739,-0.5558122195426802,1.3011786346146816,0.37671571755846794
1.082471058335893,0.749534131629859,-0.7408290396832237,0.5583236658456661
1.1830290087557753,-0.1857131824532417,0.153656425559884,1.054040480837582
-0.7547489160197527,-0.3747966650523716,-0.0030489880178060694,0.5797978495484599
0.06344485146464279,0.8800382513644782,-0.25055739150042844,0.3718096644091078
-0.801307459660248,-1.4714093225080367,1.2066209802362577,0.9945510278524011
0.45995427506354836,0.41661130708472377,0.16155734528017618,0.9258330706355901
0.08567885917728416,-1.2560215800777512,1.5893433742673206,-0.794507204840077
-0.8538186938118566,1.5784845009028745,0.1084622433697579,-1.064482470022466
1.5685011520319911,-0.893278445502323,0.4568167883551184,1.0853557137058378
1.3892117830663093,-1.1511334287659705,0.44437802261471676,0.5540292086836874
1.1438758955725583,-0.9950133406085129,0.6695887867701005,1.2092881201480876
-1.1534374495379052,-0.023284886585567006,1.2297248358614852,0.37855667367254114
-0.24112030661468814,1.037887544537905,0.10314121580303054,-1.2755281606255005
0.39543136184487115,-1.1220081913401356,1.4930120440333208,-0.1668740224441818
-0.44072677521770626,0.22402533667873864,-1.0870183180396995,-0.9031141261058921
-1.1482997107039083,-1.2896902189180932,1.0321557733514386,0.746681470235649
1.165135504540821,-0.9508168947591815,0.5890592959766852,1.1871776678501977
0.4806823938076044,0.8214487167057559,-0.3287163069259883,0.7552694356131556
-1.806249175590024,-2.485588064373992,3.519609469663951,-0.958342809528089
1.118860422353236,1.1452338794508186,-0.9776723532810203,0.3558578745753083
-0.522664851449552,0.1843892452342674,-0.5996951180324069,-0.199992253568489
1.1591119486664798,1.3020490402127345,-1.230110193557061,-1.0209258279420734
-1.55233857914574,0.12790188137927241,-0.14930583837355874,0.19695204669792002
-2.4948833427536656,0.8291623273162071,-0.1341098128940347,-3.006928406982365
-0.12329601044441509,0.22227917867241676,-1.1211558195716909,-0.7822657956279404
0.031566067816732934,-0.9108247905173049,0.06167866333502495,1.090242787926187
-1.4403713052462235,-1.4324683036680237,2.093021247748104,0.33560735732050273
-1.3227348022885035,-2.4838419063676698,3.2525675970186234,0.5006528687329703
-1.0346316680869307,-1.09640917590765,1.1555068669437552,0.5411448882513012
0.953212635808856,-1.20058530162462,1.1890684996914687,0.840551253124373
0.5783702970167713,0.09597940054525217,0.11537266878109219,0.5485072892879184
-0.26027875756325414,0.22999278928286768,-1.1501796062992946,-0.8976102366926835
1.8860134119729939,1.0136956273046884,-0.9344361249574388,0.3368362429739692
1.2211191414905793,0.7042696473883115,-0.8961523681786469,0.244190601006459
0.6015432707921776,-1.4903627657222878,1.546706049479388,0.5294875555794802
0.28264913626823773,0.4271391140937129,-0.6381861875735386,-0.26319208717533293
1.2328473591047373,0.10018374215270676,0.01945596407177256,0.9963919839664742
0.7823562450672517,0.19561212484771473,-0.2454252488949442,0.8460741214665926
-0.45307152149194413,-1.296708756924086,0.6806454674282353,0.7202960141780169
0.167223632643217,1.1824287402845097,-0.718715678366954,-0.21963544509494043
-1.542488293657112,-1.6517213278987106,1.9311790846146555,0.7933079540835811
-1.5133980620522058,-1.696629799342853,2.013274938501307,0.8767488154807251
0.6063621154916504,-0.46109586244248313,0.8442613064172597,0.2454194866599254
0.683073871185465,0.448533787918744,-1.4801754544418773,-0.8074128765676005
1.0802742320758392,0.16894507102301276,-0.087333143284713,0.7614043744159822
-0.0779350914424653,-0.07416081063383827,-0.6579269694985836,0.290209759126037
-0.6483800058152119,-0.2927085904658557,-0.12246344260079933,1.3178950414139028
-0.06752851285250072,0.5029189809700116,-1.4641893369903238,-2.1933966149230955
0.936169515952632,1.2936234040074723,-1.3108239623614453,-1.3313736592405572
0.9941728157543752,-1.0599263406687696,0.5185959915324468,0.4264120431739397
0.7715847098566653,0.962124630651959,-0.3968096349059069,-0.22333633625209798
1.2501739404138716,-1.0813210144938008,0.5282705871083148,0.5159878433739102
-1.4956817212453202,-1.729603365578737,2.042298725228911,0.7485224263497223
-0.33898537323192396,0.19491705224325653,-0.7538436742079032,-0.7767144588922041
0.6929595893557071,0.7723359036541593,-0.5053632042174198,0.6761225569047649
-2.0924035123028393,0.9028400233887784,-0.3058223669900057,-3.021067709095608
-0.7672566526294139,-0.325684869180196,-0.5598380877349679,0.31597839999080957
0.1247008714385303,0.4965955155684771,-1.5429451519281634,-2.317945836558205
-1.7153643472507012,-1.2591748362833421,2.1887536744464553,0.3742626909837879
-0.6571318781738134,-0.5575583775490022,0.20004841482130806,0.5577101719653833
1.131828783823876,0.6400856259132182,-0.7262250073139372,0.45525052580625186
0.35216805759445663,-0.3383138298134913,0.6314893080022775,0.8485271480412727
-0.14595202139507646,0.8716126151592164,-0.8041746059537879,-0.927027576659833
-0.8244450007540404,-0.46776008295010574,0.25353510750503533,0.6141558792104148
-0.7873469831044222,0.14053185919198885,-0.9143267870104561,-0.49203052372624023
0.8217573870217652,1.537441311259134,-1.1503638843102635,-1.5215899752539486
-1.082749249718432,-0.5028341246906817,0.5661627531137976,0.9368788073200296
-0.608270210228423,1.4058861061226513,0.17084035008273527,-2.0909103982633486
1.1051834072503202,-0.9676512141793525,0.46117035636425896,0.5086287636498701
1.2164065948359477,0.9333554060235295,-0.7512868168057095,0.6344021262061929
-1.325782012907288,-0.01838547237365419,-0.2894400518148693,-0.5675192138677483
-1.122044093628104,-0.04713774401173085,-0.13845186352748973,0.5245791300639937
-1.2580347256617574,-1.4489635632811417,2.0969601902325645,0.14479794977551547
-0.9315579972724706,0.18823757404431654,-0.886892398127459,-0.5822278838513232
-0.717863494459817,-0.698946317090016,0.6500553176073957,0.700662312116071
1.82283694065564,1.4223813657357698,-1.4367549481073267,-1.4976290773774799
1.3819126506538724,-0.8501330850548554,0.21621881028383033,0.9405559748159232
1.3505901601072987,-0.7736581455740984,0.16135003251783622,1.0160209412961674
0.21305934957879125,1.0947309211903054,-0.6535964362408142,-0.21536518606745103
-0.15550679831904596,0.25243854850976244,-1.3520792020671109,-1.4559228808756663
1.2565518231043504,1.4827170584008142,-1.2843800677874062,-1.8350744351942028
-0.029796250201995864,-0.20359689197624117,-0.15659864065765353,0.3570867602287747
-0.5845657462288101,-0.536163703723971,0.19037381924544014,0.9344210360130967
-1.751009624954155,0.9256417954130787,-0.40292766487007486,-2.646803228997421
-0.3922938427198426,0.09562338774784673,-1.0094372754217866,0.08037397524745779
1.4899468968942606,-0.10187894986040391,-0.31825560439007833,1.4737120485947404
-0.9609671230119007,0.20017247925257475,-0.8831377336539674,-0.699422770494645
0.5144143067039145,0.7070838437868496,-0.27641389991450416,-0.386507678424723
1.446364698509322,1.0606893165622053,-0.8973501752499449,-0.12578464113522766
0.4870248438164695,0.7039305875812587,-0.20496470811158204,0.811100700031454
-0.9625615936845202,1.631106582957468,0.265559247720757,-0.9853403360463279
